{
"type": "FeatureCollection",
"name": "places",
"crs": { "type": "name", "properties": { "name": "urn:ogc:def:crs:OGC:1.3:CRS84" } },
"features": [
{ "type": "Feature", "properties": { "id": "7ce63748-e616-4752-831d-a1738e108af9", "version": 1, "names": { "primary": "Ridgeland Park", "common": null, "rules": null }, "categories": { "primary": "park", "alternate": [ "active_life" ] }, "confidence": 0.60729217529296875, "websites": null, "socials": [ "https://www.facebook.com/139751026061635" ], "emails": null, "phones": null, "brand": { "wikidata": null, "names": { "primary": null, "common": null, "rules": null } }, "addresses": [ { "freeform": "7700 Mobile Ave", "locality": "Burbank", "postcode": "60459-1108", "region": "IL", "country": "US" } ], "sources": [ { "property": "", "dataset": "meta", "license": "CDLA-Permissive-2.0", "record_id": "139751026061635", "update_time": "2026-04-06T00:00:00.000Z", "confidence": 0.6072921752929688, "between": null }, { "property": "/properties/confidence", "dataset": "Overture", "license": "CDLA-Permissive-2.0", "record_id": null, "update_time": "2026-04-07T10:00:15Z", "confidence": null, "between": null } ] }, "geometry": { "type": "Point", "coordinates": [ -87.77940799, 41.75356746 ] } },
{ "type": "Feature", "properties": { "id": "d84dbaf4-8048-4bf3-b2f4-2575a7f0e04d", "version": 8, "names": { "primary": "MacArthur Park", "common": null, "rules": null }, "categories": { "primary": "park", "alternate": null }, "confidence": 0.98945015668869019, "websites": [ "http://www.mcarthursapothecary.com" ], "socials": [ "https://www.facebook.com/150958928248532" ], "emails": null, "phones": null, "brand": null, "addresses": [ { "freeform": "8499 Moody Ave", "locality": "Burbank", "postcode": "60459", "region": "IL", "country": "US" } ], "sources": [ { "property": "", "dataset": "Foursquare", "license": "Apache-2.0", "record_id": "4e28c14c18a83a13623614b3", "update_time": "2024-09-08T00:00:00.000", "confidence": 0.77, "between": null }, { "property": "/properties/confidence", "dataset": "Overture", "license": "CDLA-Permissive-2.0", "record_id": null, "update_time": "2026-04-07T10:00:15Z", "confidence": null, "between": null } ] }, "geometry": { "type": "Point", "coordinates": [ -87.773543219068173, 41.739898027700917 ] } },
{ "type": "Feature", "properties": { "id": "1572a8fb-458a-4de2-8d93-719ce768512d", "version": 7, "names": { "primary": "Menard Activity Center", "common": null, "rules": null }, "categories": { "primary": "park", "alternate": [ "sports_and_recreation_venue", "public_service_and_government" ] }, "confidence": 0.96055823564529419, "websites": [ "www.olparks.com/parks-facilities/menard-center" ], "socials": [ "https://www.facebook.com/189038208112713" ], "emails": null, "phones": [ "+17088572420" ], "brand": { "wikidata": null, "names": { "primary": null, "common": null, "rules": null } }, "addresses": [ { "freeform": "5814 W 90th St", "locality": "Oak Lawn", "postcode": "60453-1503", "region": "IL", "country": "US" } ], "sources": [ { "property": "", "dataset": "meta", "license": "CDLA-Permissive-2.0", "record_id": "189038208112713", "update_time": "2026-04-06T00:00:00.000Z", "confidence": 0.9807989001274109, "between": null }, { "property": "/properties/confidence", "dataset": "Overture", "license": "CDLA-Permissive-2.0", "record_id": null, "update_time": "2026-04-07T10:00:15Z", "confidence": null, "between": null } ] }, "geometry": { "type": "Point", "coordinates": [ -87.76579046, 41.72895048 ] } },
{ "type": "Feature", "properties": { "id": "abcdf9b9-7ed2-4527-b57c-0ea2f8447406", "version": 8, "names": { "primary": "Brandt Park", "common": null, "rules": null }, "categories": { "primary": "park", "alternate": [ "sports_and_recreation_venue", "baseball_field" ] }, "confidence": 0.9711424708366394, "websites": null, "socials": [ "https://www.facebook.com/110226592364084" ], "emails": null, "phones": [ "+17088572222" ], "brand": { "wikidata": null, "names": { "primary": null, "common": null, "rules": null } }, "addresses": [ { "freeform": "89th St @ Tulley Ave", "locality": "Oak Lawn", "postcode": "60453", "region": "IL", "country": "US" } ], "sources": [ { "property": "", "dataset": "meta", "license": "CDLA-Permissive-2.0", "record_id": "110226592364084", "update_time": "2026-04-06T00:00:00.000Z", "confidence": 0.9711424708366394, "between": null }, { "property": "/properties/confidence", "dataset": "Overture", "license": "CDLA-Permissive-2.0", "record_id": null, "update_time": "2026-04-07T10:00:15Z", "confidence": null, "between": null } ] }, "geometry": { "type": "Point", "coordinates": [ -87.749747, 41.729757 ] } },
{ "type": "Feature", "properties": { "id": "0a9a6e80-521d-43f1-9a8b-ed739803c5e1", "version": 7, "names": { "primary": "Phillips Park", "common": null, "rules": null }, "categories": { "primary": "park", "alternate": [ "playground", "attractions_and_activities" ] }, "confidence": 0.94694489240646362, "websites": null, "socials": [ "https://www.facebook.com/2274695332750557" ], "emails": null, "phones": [ "+17084240900" ], "brand": { "wikidata": null, "names": { "primary": null, "common": null, "rules": null } }, "addresses": [ { "freeform": "5330-5364 W 89th St", "locality": "Oak Lawn", "postcode": "60453", "region": "IL", "country": "US" } ], "sources": [ { "property": "", "dataset": "meta", "license": "CDLA-Permissive-2.0", "record_id": "2274695332750557", "update_time": "2026-04-06T00:00:00.000Z", "confidence": 0.9505310654640198, "between": null }, { "property": "/properties/confidence", "dataset": "Overture", "license": "CDLA-Permissive-2.0", "record_id": null, "update_time": "2026-04-07T10:00:15Z", "confidence": null, "between": null } ] }, "geometry": { "type": "Point", "coordinates": [ -87.7549877, 41.73075782 ] } },
{ "type": "Feature", "properties": { "id": "41588f94-ebea-4fbc-8954-f56fb8594ba6", "version": 6, "names": { "primary": "Lewandowski Park", "common": null, "rules": null }, "categories": { "primary": "park", "alternate": [ "attractions_and_activities" ] }, "confidence": 0.58746844530105591, "websites": null, "socials": [ "https://www.facebook.com/130725550305786" ], "emails": null, "phones": null, "brand": { "wikidata": null, "names": { "primary": null, "common": null, "rules": null } }, "addresses": [ { "freeform": null, "locality": "Oak Lawn", "postcode": null, "region": "IL", "country": "US" } ], "sources": [ { "property": "", "dataset": "meta", "license": "CDLA-Permissive-2.0", "record_id": "130725550305786", "update_time": "2026-04-06T00:00:00.000Z", "confidence": 0.5874684453010559, "between": null }, { "property": "/properties/confidence", "dataset": "Overture", "license": "CDLA-Permissive-2.0", "record_id": null, "update_time": "2026-04-07T10:00:15Z", "confidence": null, "between": null } ] }, "geometry": { "type": "Point", "coordinates": [ -87.749102174770343, 41.736541210582637 ] } },
{ "type": "Feature", "properties": { "id": "e40c2f18-a3e1-4907-865e-d7486d6406ca", "version": 1, "names": { "primary": "Owens Park", "common": null, "rules": null }, "categories": { "primary": "park", "alternate": [ "active_life" ] }, "confidence": 0.5388643741607666, "websites": null, "socials": [ "https://www.facebook.com/142634975769553" ], "emails": null, "phones": null, "brand": { "wikidata": null, "names": { "primary": null, "common": null, "rules": null } }, "addresses": [ { "freeform": "7745 Leamington Ave", "locality": "Burbank", "postcode": "60459-1570", "region": "IL", "country": "US" } ], "sources": [ { "property": "", "dataset": "meta", "license": "CDLA-Permissive-2.0", "record_id": "142634975769553", "update_time": "2026-04-06T00:00:00.000Z", "confidence": 0.5388643741607666, "between": null }, { "property": "/properties/confidence", "dataset": "Overture", "license": "CDLA-Permissive-2.0", "record_id": null, "update_time": "2026-04-07T10:00:15Z", "confidence": null, "between": null } ] }, "geometry": { "type": "Point", "coordinates": [ -87.74934328, 41.75104481 ] } },
{ "type": "Feature", "properties": { "id": "a2c6890f-555b-4709-b462-fbfca168166e", "version": 7, "names": { "primary": "Rice Park", "common": null, "rules": null }, "categories": { "primary": "park", "alternate": [ "attractions_and_activities" ] }, "confidence": 0.99166514694690699, "websites": [ "http://www.chicagoparkdistrict.com/index.cfm/fuseaction/parks.detail/object_id/f39279eb-341e-45a9-a6cf-09128aa8d4e8.cfm" ], "socials": [ "https://www.facebook.com/284748751932047" ], "emails": null, "phones": [ "+17085992070" ], "brand": { "wikidata": null, "names": { "primary": null, "common": null, "rules": null } }, "addresses": [ { "freeform": "7700 Major Ave", "locality": "Burbank", "postcode": "60459-1312", "region": "IL", "country": "US" } ], "sources": [ { "property": "", "dataset": "meta", "license": "CDLA-Permissive-2.0", "record_id": "284748751932047", "update_time": "2026-04-06T00:00:00.000Z", "confidence": 0.9637615084648132, "between": null }, { "property": "/properties/confidence", "dataset": "Overture", "license": "CDLA-Permissive-2.0", "record_id": null, "update_time": "2026-04-07T10:00:15Z", "confidence": null, "between": null } ] }, "geometry": { "type": "Point", "coordinates": [ -87.76341254, 41.75450895 ] } },
{ "type": "Feature", "properties": { "id": "95735452-e535-47e3-aaa4-81b8075f160b", "version": 3, "names": { "primary": "Lawler (Michael) Park", "common": null, "rules": null }, "categories": { "primary": "park", "alternate": null }, "confidence": 0.77, "websites": [ "http://chicagoparkdistrict.com" ], "socials": [ "https://www.facebook.com/126249934088674" ], "emails": null, "phones": [ "(773) 284-7328" ], "brand": null, "addresses": [ { "freeform": "5210 W 64th St", "locality": "Chicago", "postcode": "60638", "region": "IL", "country": "US" } ], "sources": [ { "property": "", "dataset": "Foursquare", "license": "Apache-2.0", "record_id": "4cf4c17f7e0da1cd7cb7a397", "update_time": "2025-08-22T00:00:00.000", "confidence": 0.77, "between": null }, { "property": "/properties/confidence", "dataset": "Overture", "license": "CDLA-Permissive-2.0", "record_id": null, "update_time": "2026-04-07T10:00:15Z", "confidence": null, "between": null } ] }, "geometry": { "type": "Point", "coordinates": [ -87.751257419586182, 41.776128503871441 ] } },
{ "type": "Feature", "properties": { "id": "7945779a-4749-4e7d-b7fc-18f12b235296", "version": 8, "names": { "primary": "Michael J. Madigan Sr. Park", "common": null, "rules": null }, "categories": { "primary": "park", "alternate": [ "sports_club_and_league", "sports_and_recreation_venue" ] }, "confidence": 0.86466234922409058, "websites": [ "www.chicagoparkdistrict.com/parks/michael-j-madigan-sr-park" ], "socials": [ "https://www.facebook.com/272086489559435" ], "emails": null, "phones": null, "brand": { "wikidata": null, "names": { "primary": null, "common": null, "rules": null } }, "addresses": [ { "freeform": "4707 W Marquette Rd", "locality": "Chicago", "postcode": "60629-5641", "region": "IL", "country": "US" } ], "sources": [ { "property": "", "dataset": "meta", "license": "CDLA-Permissive-2.0", "record_id": "272086489559435", "update_time": "2026-04-06T00:00:00.000Z", "confidence": 0.8646623492240906, "between": null }, { "property": "/properties/confidence", "dataset": "Overture", "license": "CDLA-Permissive-2.0", "record_id": null, "update_time": "2026-04-07T10:00:15Z", "confidence": null, "between": null } ] }, "geometry": { "type": "Point", "coordinates": [ -87.740349740197871, 41.770072840389332 ] } },
{ "type": "Feature", "properties": { "id": "4d22bd5a-379e-4099-8ff0-0af2cfcc8ddf", "version": 2, "names": { "primary": "Madigan Park - Midway", "common": null, "rules": null }, "categories": { "primary": "park", "alternate": [ "active_life", "baseball_field" ] }, "confidence": 0.74097973108291626, "websites": [ "http://midwaybaseball.com/madigan_park" ], "socials": [ "https://www.facebook.com/209521595735603" ], "emails": null, "phones": null, "brand": { "wikidata": null, "names": { "primary": null, "common": null, "rules": null } }, "addresses": [ { "freeform": null, "locality": "Chicago", "postcode": null, "region": "IL", "country": "US" } ], "sources": [ { "property": "", "dataset": "meta", "license": "CDLA-Permissive-2.0", "record_id": "209521595735603", "update_time": "2026-04-06T00:00:00.000Z", "confidence": 0.7409797310829163, "between": null }, { "property": "/properties/confidence", "dataset": "Overture", "license": "CDLA-Permissive-2.0", "record_id": null, "update_time": "2026-04-07T10:00:15Z", "confidence": null, "between": null } ] }, "geometry": { "type": "Point", "coordinates": [ -87.739377590249561, 41.770218634818356 ] } },
{ "type": "Feature", "properties": { "id": "eb3a0020-69b3-4aa9-a085-6f91edb1b911", "version": 3, "names": { "primary": "Madigan Park", "common": null, "rules": null }, "categories": { "primary": "park", "alternate": null }, "confidence": 0.77, "websites": [ "http://chicagoparkdistrict.com" ], "socials": null, "emails": null, "phones": [ "(773) 284-2803" ], "brand": null, "addresses": [ { "freeform": "4701 W. 67th St.", "locality": "Chicago", "postcode": "60629", "region": "IL", "country": "US" } ], "sources": [ { "property": "", "dataset": "Foursquare", "license": "Apache-2.0", "record_id": "4cf4c317cc61a35df314279e", "update_time": "2025-05-14T00:00:00.000", "confidence": 0.77, "between": null }, { "property": "/properties/confidence", "dataset": "Overture", "license": "CDLA-Permissive-2.0", "record_id": null, "update_time": "2026-04-07T10:00:15Z", "confidence": null, "between": null } ] }, "geometry": { "type": "Point", "coordinates": [ -87.738739067368527, 41.771442366111224 ] } },
{ "type": "Feature", "properties": { "id": "392c7171-e8f1-44da-88c2-36a0eed4f41f", "version": 9, "names": { "primary": "Honor Flight Chicago", "common": null, "rules": null }, "categories": { "primary": "landmark_and_historical_building", "alternate": [ "airport", "fountain" ] }, "confidence": 0.5599132776260376, "websites": null, "socials": [ "https://www.facebook.com/253048808055295" ], "emails": null, "phones": null, "brand": { "wikidata": null, "names": { "primary": null, "common": null, "rules": null } }, "addresses": [ { "freeform": "", "locality": "Chicago", "postcode": "60629", "region": "IL", "country": "US" } ], "sources": [ { "property": "", "dataset": "meta", "license": "CDLA-Permissive-2.0", "record_id": "253048808055295", "update_time": "2026-04-06T00:00:00.000Z", "confidence": 0.5599132776260376, "between": null }, { "property": "/properties/confidence", "dataset": "Overture", "license": "CDLA-Permissive-2.0", "record_id": null, "update_time": "2026-04-07T10:00:15Z", "confidence": null, "between": null } ] }, "geometry": { "type": "Point", "coordinates": [ -87.741018568937633, 41.788077246222301 ] } },
{ "type": "Feature", "properties": { "id": "d2893029-4fad-4e68-8751-cd8f3f51536b", "version": 3, "names": { "primary": "Pasteur Park", "common": null, "rules": null }, "categories": { "primary": "park", "alternate": null }, "confidence": 0.77, "websites": [ "http://www.chicagoparkdistrict.com" ], "socials": null, "emails": [ "play@chicagoparkdistrict.com" ], "phones": [ "(773) 284-0530" ], "brand": null, "addresses": [ { "freeform": "4326 W 58th St.", "locality": "Chicago", "postcode": "60629", "region": "IL", "country": "US" } ], "sources": [ { "property": "", "dataset": "Foursquare", "license": "Apache-2.0", "record_id": "4c57694ccc96c9b63507792e", "update_time": "2025-07-12T00:00:00.000", "confidence": 0.77, "between": null }, { "property": "/properties/confidence", "dataset": "Overture", "license": "CDLA-Permissive-2.0", "record_id": null, "update_time": "2026-04-07T10:00:15Z", "confidence": null, "between": null } ] }, "geometry": { "type": "Point", "coordinates": [ -87.732342381967328, 41.787051674896006 ] } },
{ "type": "Feature", "properties": { "id": "2b6cd470-da09-477e-9e8b-b032d895d67f", "version": 1, "names": { "primary": "Starved Rock State Park", "common": null, "rules": null }, "categories": { "primary": "park", "alternate": [ "skate_park", "active_life" ] }, "confidence": 0.70470476150512695, "websites": [ "http://www.starvedrockstatepark.org/" ], "socials": [ "https://www.facebook.com/311991055553708" ], "emails": null, "phones": null, "brand": { "wikidata": null, "names": { "primary": null, "common": null, "rules": null } }, "addresses": [ { "freeform": null, "locality": "Chicago", "postcode": null, "region": "IL", "country": "US" } ], "sources": [ { "property": "", "dataset": "meta", "license": "CDLA-Permissive-2.0", "record_id": "311991055553708", "update_time": "2026-04-06T00:00:00.000Z", "confidence": 0.704704761505127, "between": null }, { "property": "/properties/confidence", "dataset": "Overture", "license": "CDLA-Permissive-2.0", "record_id": null, "update_time": "2026-04-07T10:00:15Z", "confidence": null, "between": null } ] }, "geometry": { "type": "Point", "coordinates": [ -87.737123382899995, 41.792778821 ] } },
{ "type": "Feature", "properties": { "id": "637d0da5-3234-4010-9ecb-f31a2e8832cb", "version": 7, "names": { "primary": "Strohacker Park", "common": null, "rules": null }, "categories": { "primary": "park", "alternate": [ "playground", "sports_and_recreation_venue" ] }, "confidence": 0.96055823564529419, "websites": [ "http://www.chicagoparkdistrict.com" ], "socials": [ "https://www.facebook.com/143077469048009" ], "emails": [ "play@chicagoparkdistrict.com" ], "phones": [ "+13127476723" ], "brand": { "wikidata": null, "names": { "primary": null, "common": null, "rules": null } }, "addresses": [ { "freeform": "4347 W 54th St", "locality": "Chicago", "postcode": "60632", "region": "IL", "country": "US" } ], "sources": [ { "property": "", "dataset": "meta", "license": "CDLA-Permissive-2.0", "record_id": "143077469048009", "update_time": "2026-04-06T00:00:00.000Z", "confidence": 0.9816099405288696, "between": null }, { "property": "/properties/confidence", "dataset": "Overture", "license": "CDLA-Permissive-2.0", "record_id": null, "update_time": "2026-04-07T10:00:15Z", "confidence": null, "between": null } ] }, "geometry": { "type": "Point", "coordinates": [ -87.73247461, 41.7940799 ] } },
{ "type": "Feature", "properties": { "id": "5390472f-dfed-49b9-8112-f980ae645bae", "version": 9, "names": { "primary": "Chicago Park District", "common": null, "rules": null }, "categories": { "primary": "park", "alternate": [ "public_and_government_association", "sports_and_recreation_venue" ] }, "confidence": 0.86006689071655273, "websites": [ "http://www.chicagoparkdistrict.com" ], "socials": [ "https://www.facebook.com/104420246290401" ], "emails": [ "play@chicagoparkdistrict.com" ], "phones": [ "+17732840214" ], "brand": { "wikidata": null, "names": { "primary": null, "common": null, "rules": null } }, "addresses": [ { "freeform": "5940 S Central Ave", "locality": "Chicago", "postcode": "60638-3711", "region": "IL", "country": "US" } ], "sources": [ { "property": "", "dataset": "meta", "license": "CDLA-Permissive-2.0", "record_id": "104420246290401", "update_time": "2026-04-06T00:00:00.000Z", "confidence": 0.8600668907165527, "between": null }, { "property": "/properties/confidence", "dataset": "Overture", "license": "CDLA-Permissive-2.0", "record_id": null, "update_time": "2026-04-07T10:00:15Z", "confidence": null, "between": null } ] }, "geometry": { "type": "Point", "coordinates": [ -87.762766859375006, 41.784786476 ] } },
{ "type": "Feature", "properties": { "id": "b12fa8a9-738d-4ec2-8ef9-223b12a63fdf", "version": 8, "names": { "primary": "Minuteman Park", "common": null, "rules": null }, "categories": { "primary": "park", "alternate": [ "attractions_and_activities", "dog_park" ] }, "confidence": 0.94694489240646362, "websites": [ "http://chicagoparkdistrict.com" ], "socials": [ "https://www.facebook.com/123320644382017" ], "emails": [ "quotesct@minutemanpress.com" ], "phones": [ "+17732840214" ], "brand": { "wikidata": null, "names": { "primary": null, "common": null, "rules": null } }, "addresses": [ { "freeform": "5940 S Central Ave", "locality": "Chicago", "postcode": "60638-3711", "region": "IL", "country": "US" } ], "sources": [ { "property": "", "dataset": "meta", "license": "CDLA-Permissive-2.0", "record_id": "123320644382017", "update_time": "2026-04-06T00:00:00.000Z", "confidence": 0.9556946754455566, "between": null }, { "property": "/properties/confidence", "dataset": "Overture", "license": "CDLA-Permissive-2.0", "record_id": null, "update_time": "2026-04-07T10:00:15Z", "confidence": null, "between": null } ] }, "geometry": { "type": "Point", "coordinates": [ -87.76375769, 41.78526753 ] } },
{ "type": "Feature", "properties": { "id": "30948038-81a4-40ae-898c-2d8e52ca646c", "version": 3, "names": { "primary": "Minuteman Park", "common": null, "rules": null }, "categories": { "primary": "park", "alternate": null }, "confidence": 0.77, "websites": [ "http://chicagoparkdistrict.com" ], "socials": null, "emails": [ "quotesct@minutemanpress.com" ], "phones": [ "(773) 284-0214" ], "brand": null, "addresses": [ { "freeform": "5940 S Central Ave", "locality": "Chicago", "postcode": "60638", "region": "IL", "country": "US" } ], "sources": [ { "property": "", "dataset": "Foursquare", "license": "Apache-2.0", "record_id": "4cf4b9d11d18a1434a8c67ec", "update_time": "2025-08-19T00:00:00.000", "confidence": 0.77, "between": null }, { "property": "/properties/confidence", "dataset": "Overture", "license": "CDLA-Permissive-2.0", "record_id": null, "update_time": "2026-04-07T10:00:15Z", "confidence": null, "between": null } ] }, "geometry": { "type": "Point", "coordinates": [ -87.762997452807554, 41.783306118592797 ] } },
{ "type": "Feature", "properties": { "id": "e26bddd7-a3cf-48cf-87f4-83c2c3c7b17c", "version": 3, "names": { "primary": "Wentworth Park", "common": null, "rules": null }, "categories": { "primary": "park", "alternate": null }, "confidence": 0.77, "websites": [ "http://www.chicagoparkdistrict.com" ], "socials": [ "https://www.facebook.com/145233565505123" ], "emails": [ "play@chicagoparkdistrict.com" ], "phones": [ "(312) 747-6993" ], "brand": null, "addresses": [ { "freeform": "5625 S Mobile Ave", "locality": "Chicago", "postcode": "60638", "region": "IL", "country": "US" } ], "sources": [ { "property": "", "dataset": "Foursquare", "license": "Apache-2.0", "record_id": "4bb0eda9f964a520126b3ce3", "update_time": "2025-12-06T00:00:00.000", "confidence": 0.77, "between": null }, { "property": "/properties/confidence", "dataset": "Overture", "license": "CDLA-Permissive-2.0", "record_id": null, "update_time": "2026-04-07T10:00:15Z", "confidence": null, "between": null } ] }, "geometry": { "type": "Point", "coordinates": [ -87.779252923976628, 41.790421715461584 ] } },
{ "type": "Feature", "properties": { "id": "e23e4790-df72-4994-b238-8850357b5775", "version": 7, "names": { "primary": "Art Club 63", "common": null, "rules": null }, "categories": { "primary": "art_gallery", "alternate": [ "boutique", "bar" ] }, "confidence": 0.32307866215705872, "websites": null, "socials": [ "https://www.facebook.com/258177848023081" ], "emails": null, "phones": [ "+17734989568" ], "brand": { "wikidata": null, "names": { "primary": null, "common": null, "rules": null } }, "addresses": [ { "freeform": "6021 W 63rd St", "locality": "Chicago", "postcode": "60638-4317", "region": "IL", "country": "US" } ], "sources": [ { "property": "", "dataset": "meta", "license": "CDLA-Permissive-2.0", "record_id": "258177848023081", "update_time": "2026-04-06T00:00:00.000Z", "confidence": 0.3230786621570587, "between": null }, { "property": "/properties/confidence", "dataset": "Overture", "license": "CDLA-Permissive-2.0", "record_id": null, "update_time": "2026-04-07T10:00:15Z", "confidence": null, "between": null } ] }, "geometry": { "type": "Point", "coordinates": [ -87.77223, 41.777592 ] } },
{ "type": "Feature", "properties": { "id": "8e880a14-a8a8-462d-9472-fe76cb12ef72", "version": 8, "names": { "primary": "Forest View Marina", "common": null, "rules": null }, "categories": { "primary": "marina", "alternate": [ "structure_and_geography" ] }, "confidence": 0.9824175238609314, "websites": [ "http://forestviewmarina.com" ], "socials": [ "https://www.facebook.com/577742669059355" ], "emails": [ "alyse@forestviewmarina.com" ], "phones": [ "+13127578957" ], "brand": { "wikidata": null, "names": { "primary": null, "common": null, "rules": null } }, "addresses": [ { "freeform": "5700 W 41st St", "locality": "Forest View", "postcode": "60804", "region": "IL", "country": "US" } ], "sources": [ { "property": "", "dataset": "meta", "license": "CDLA-Permissive-2.0", "record_id": "577742669059355", "update_time": "2026-04-06T00:00:00.000Z", "confidence": 0.9824175238609314, "between": null }, { "property": "/properties/confidence", "dataset": "Overture", "license": "CDLA-Permissive-2.0", "record_id": null, "update_time": "2026-04-07T10:00:15Z", "confidence": null, "between": null } ] }, "geometry": { "type": "Point", "coordinates": [ -87.767715, 41.81097235 ] } },
{ "type": "Feature", "properties": { "id": "f6b942ea-a924-41e3-b003-f88e540609fd", "version": 6, "names": { "primary": "Kolar Park", "common": null, "rules": null }, "categories": { "primary": "park", "alternate": [ "active_life" ] }, "confidence": 0.9548574686050415, "websites": null, "socials": [ "https://www.facebook.com/108343355923797" ], "emails": null, "phones": null, "brand": { "wikidata": null, "names": { "primary": null, "common": null, "rules": null } }, "addresses": [ { "freeform": "3634 S 60th Ct", "locality": "Cicero", "postcode": "60804", "region": "IL", "country": "US" } ], "sources": [ { "property": "", "dataset": "meta", "license": "CDLA-Permissive-2.0", "record_id": "108343355923797", "update_time": "2026-04-06T00:00:00.000Z", "confidence": 0.9548574686050415, "between": null }, { "property": "/properties/confidence", "dataset": "Overture", "license": "CDLA-Permissive-2.0", "record_id": null, "update_time": "2026-04-07T10:00:15Z", "confidence": null, "between": null } ] }, "geometry": { "type": "Point", "coordinates": [ -87.77418358, 41.82585782 ] } },
{ "type": "Feature", "properties": { "id": "08b1540d-eaed-45e4-8d19-c7e0c83799e8", "version": 7, "names": { "primary": "Manor Park", "common": null, "rules": null }, "categories": { "primary": "park", "alternate": [ "sports_and_recreation_venue", "active_life" ] }, "confidence": 0.94694489240646362, "websites": [ "http://www.recreationparks.net/IL/cook/manor-park-cicero" ], "socials": [ "https://www.facebook.com/126403737405876" ], "emails": null, "phones": [ "+17086563600" ], "brand": { "wikidata": null, "names": { "primary": null, "common": null, "rules": null } }, "addresses": [ { "freeform": "5810 W Park Ave", "locality": "Cicero", "postcode": "60804-3812", "region": "IL", "country": "US" } ], "sources": [ { "property": "", "dataset": "meta", "license": "CDLA-Permissive-2.0", "record_id": "126403737405876", "update_time": "2026-04-06T00:00:00.000Z", "confidence": 0.9857909679412842, "between": null }, { "property": "/properties/confidence", "dataset": "Overture", "license": "CDLA-Permissive-2.0", "record_id": null, "update_time": "2026-04-07T10:00:15Z", "confidence": null, "between": null } ] }, "geometry": { "type": "Point", "coordinates": [ -87.76871401, 41.83248544 ] } },
{ "type": "Feature", "properties": { "id": "ed265261-9441-4394-b991-cc233c38c443", "version": 7, "names": { "primary": "Columbus Park Lagoon", "common": null, "rules": null }, "categories": { "primary": "park", "alternate": [ "active_life", "sports_club_and_league" ] }, "confidence": 0.76774632930755615, "websites": null, "socials": [ "https://www.facebook.com/361786483858913" ], "emails": null, "phones": null, "brand": { "wikidata": null, "names": { "primary": null, "common": null, "rules": null } }, "addresses": [ { "freeform": null, "locality": "Chicago", "postcode": null, "region": "IL", "country": "US" } ], "sources": [ { "property": "", "dataset": "meta", "license": "CDLA-Permissive-2.0", "record_id": "361786483858913", "update_time": "2026-04-06T00:00:00.000Z", "confidence": 0.7677463293075562, "between": null }, { "property": "/properties/confidence", "dataset": "Overture", "license": "CDLA-Permissive-2.0", "record_id": null, "update_time": "2026-04-07T10:00:15Z", "confidence": null, "between": null } ] }, "geometry": { "type": "Point", "coordinates": [ -87.776307458149901, 41.86799859277793 ] } },
{ "type": "Feature", "properties": { "id": "a867f540-522b-4c39-a0cd-5c23ce08872c", "version": 3, "names": { "primary": "Barrie Park", "common": null, "rules": null }, "categories": { "primary": "park", "alternate": null }, "confidence": 0.77, "websites": [ "http://www.oakparkparks.com" ], "socials": [ "https://www.facebook.com/109263149129954" ], "emails": null, "phones": [ "(708) 383-6905" ], "brand": null, "addresses": [ { "freeform": "Harvard", "locality": "Oak Park", "postcode": "60304", "region": "IL", "country": "US" } ], "sources": [ { "property": "", "dataset": "Foursquare", "license": "Apache-2.0", "record_id": "4bafb9e8f964a520701b3ce3", "update_time": "2026-03-15T00:00:00.000", "confidence": 0.77, "between": null }, { "property": "/properties/confidence", "dataset": "Overture", "license": "CDLA-Permissive-2.0", "record_id": null, "update_time": "2026-04-07T10:00:15Z", "confidence": null, "between": null } ] }, "geometry": { "type": "Point", "coordinates": [ -87.779486494688314, 41.870412469204673 ] } },
{ "type": "Feature", "properties": { "id": "1be4bd4f-e546-4bb8-bf46-51aab9e54255", "version": 3, "names": { "primary": "Art Gecko", "common": null, "rules": null }, "categories": { "primary": "art_gallery", "alternate": null }, "confidence": 0.77, "websites": [ "http://www.artgeckoltd.com" ], "socials": [ "https://www.facebook.com/122329884493130" ], "emails": [ "lisa@artgeckoltd.com" ], "phones": [ "(312) 218-4056" ], "brand": null, "addresses": [ { "freeform": "41 Harrison St", "locality": "Oak Park", "postcode": "60304", "region": "IL", "country": "US" } ], "sources": [ { "property": "", "dataset": "Foursquare", "license": "Apache-2.0", "record_id": "4fc036a9e4b0519068335549", "update_time": "2024-03-24T00:00:00.000", "confidence": 0.77, "between": null }, { "property": "/properties/confidence", "dataset": "Overture", "license": "CDLA-Permissive-2.0", "record_id": null, "update_time": "2026-04-07T10:00:15Z", "confidence": null, "between": null } ] }, "geometry": { "type": "Point", "coordinates": [ -87.775258783389916, 41.872606081668486 ] } },
{ "type": "Feature", "properties": { "id": "c65ab0f4-7e09-4f6b-93a2-d9cde5b453a8", "version": 6, "names": { "primary": "Galleryna19", "common": null, "rules": null }, "categories": { "primary": "art_gallery", "alternate": [ "arts_and_entertainment", "topic_concert_venue" ] }, "confidence": 0.8737014657258988, "websites": [ "https://www.galleryna19.com/" ], "socials": [ "https://www.facebook.com/444971108982031" ], "emails": [ "galleryna19@gmail.com" ], "phones": [ "+17734562063" ], "brand": { "wikidata": null, "names": { "primary": null, "common": null, "rules": null } }, "addresses": [ { "freeform": "19 Harrison St", "locality": "Oak Park", "postcode": "60304-1700", "region": "IL", "country": "US" } ], "sources": [ { "property": "", "dataset": "meta", "license": "CDLA-Permissive-2.0", "record_id": "444971108982031", "update_time": "2026-04-06T00:00:00.000Z", "confidence": 0.4508759379386902, "between": null }, { "property": "/properties/confidence", "dataset": "Overture", "license": "CDLA-Permissive-2.0", "record_id": null, "update_time": "2026-04-07T10:00:15Z", "confidence": null, "between": null } ] }, "geometry": { "type": "Point", "coordinates": [ -87.775345, 41.872593 ] } },
{ "type": "Feature", "properties": { "id": "43a17269-0092-4048-a742-b185be2dc44e", "version": 7, "names": { "primary": "Fat Cat Art Gallery", "common": null, "rules": null }, "categories": { "primary": "art_gallery", "alternate": null }, "confidence": 0.87284564971923828, "websites": [ "http://wwwfatcatartgallery.com/" ], "socials": [ "https://www.facebook.com/296689236851334" ], "emails": [ "fatcatartgallery@gmail.com" ], "phones": [ "+17086653875" ], "brand": { "wikidata": null, "names": { "primary": null, "common": null, "rules": null } }, "addresses": [ { "freeform": "19 Harrison St", "locality": "Oak Park", "postcode": "60304-1700", "region": "IL", "country": "US" } ], "sources": [ { "property": "", "dataset": "meta", "license": "CDLA-Permissive-2.0", "record_id": "296689236851334", "update_time": "2026-04-06T00:00:00.000Z", "confidence": 0.8728456497192383, "between": null }, { "property": "/properties/confidence", "dataset": "Overture", "license": "CDLA-Permissive-2.0", "record_id": null, "update_time": "2026-04-07T10:00:15Z", "confidence": null, "between": null } ] }, "geometry": { "type": "Point", "coordinates": [ -87.77543342, 41.87258115 ] } },
{ "type": "Feature", "properties": { "id": "b8530649-9765-4112-881c-fc4a0eee6b47", "version": 1, "names": { "primary": "Whatever Comes to Mind Studio", "common": null, "rules": null }, "categories": { "primary": "art_gallery", "alternate": [ "arts_and_crafts" ] }, "confidence": 0.71282714605331421, "websites": [ "http://whatevercomestomind.com/" ], "socials": [ "https://www.facebook.com/441426032637642" ], "emails": [ "whatevercomestomind@msn.com" ], "phones": [ "+17082992878" ], "brand": { "wikidata": null, "names": { "primary": null, "common": null, "rules": null } }, "addresses": [ { "freeform": "27 Harrison St", "locality": "Oak Park", "postcode": "60304-1656", "region": "IL", "country": "US" } ], "sources": [ { "property": "", "dataset": "meta", "license": "CDLA-Permissive-2.0", "record_id": "441426032637642", "update_time": "2026-04-06T00:00:00.000Z", "confidence": 0.7128271460533142, "between": null }, { "property": "/properties/confidence", "dataset": "Overture", "license": "CDLA-Permissive-2.0", "record_id": null, "update_time": "2026-04-07T10:00:15Z", "confidence": null, "between": null } ] }, "geometry": { "type": "Point", "coordinates": [ -87.77614979, 41.87269099 ] } },
{ "type": "Feature", "properties": { "id": "c5179681-03be-41f6-a27c-c26d3fd07627", "version": 8, "names": { "primary": "Expressions Graphics", "common": null, "rules": null }, "categories": { "primary": "art_gallery", "alternate": [ "community_services_non_profits" ] }, "confidence": 0.96182107925415039, "websites": [ "https://expressions-studio.org/" ], "socials": [ "https://www.facebook.com/137434799603189" ], "emails": [ "expressions.paper.print@gmail.com" ], "phones": [ "+17084479262" ], "brand": { "wikidata": null, "names": { "primary": null, "common": null, "rules": null } }, "addresses": [ { "freeform": "29 Harrison St", "locality": "Oak Park", "postcode": "60304-1659", "region": "IL", "country": "US" } ], "sources": [ { "property": "", "dataset": "meta", "license": "CDLA-Permissive-2.0", "record_id": "137434799603189", "update_time": "2026-04-06T00:00:00.000Z", "confidence": 0.9618210792541504, "between": null }, { "property": "/properties/confidence", "dataset": "Overture", "license": "CDLA-Permissive-2.0", "record_id": null, "update_time": "2026-04-07T10:00:15Z", "confidence": null, "between": null } ] }, "geometry": { "type": "Point", "coordinates": [ -87.7757728, 41.87270118 ] } },
{ "type": "Feature", "properties": { "id": "37141851-5631-4556-9b8e-b45a5a4952ca", "version": 8, "names": { "primary": "Dancing Krow Studio", "common": null, "rules": null }, "categories": { "primary": "art_gallery", "alternate": [ "arts_and_entertainment" ] }, "confidence": 0.94694489240646362, "websites": [ "https://dancingkrowgallery.wixsite.com/dancing-krow-gallery" ], "socials": [ "https://www.facebook.com/140074062670937" ], "emails": [ "dncingkrow@aol.com" ], "phones": [ "+17086017497" ], "brand": { "wikidata": null, "names": { "primary": null, "common": null, "rules": null } }, "addresses": [ { "freeform": "43 Harrison St", "locality": "Oak Park", "postcode": "60304-1692", "region": "IL", "country": "US" } ], "sources": [ { "property": "", "dataset": "meta", "license": "CDLA-Permissive-2.0", "record_id": "140074062670937", "update_time": "2026-04-06T00:00:00.000Z", "confidence": 0.9562796950340271, "between": null }, { "property": "/properties/confidence", "dataset": "Overture", "license": "CDLA-Permissive-2.0", "record_id": null, "update_time": "2026-04-07T10:00:15Z", "confidence": null, "between": null } ] }, "geometry": { "type": "Point", "coordinates": [ -87.77647696, 41.87262187 ] } },
{ "type": "Feature", "properties": { "id": "4f41429f-9b9c-4296-9ccd-7e92ffe0d082", "version": 7, "names": { "primary": "Gallery Pink", "common": null, "rules": null }, "categories": { "primary": "art_gallery", "alternate": [ "arts_and_entertainment", "event_photography" ] }, "confidence": 0.88499188423156738, "websites": [ "http://www.janiceelkinsart.com" ], "socials": [ "https://www.facebook.com/311245892317321" ], "emails": [ "jfeart@gmail.com" ], "phones": [ "+17085242231" ], "brand": { "wikidata": null, "names": { "primary": null, "common": null, "rules": null } }, "addresses": [ { "freeform": "149 Harrison St", "locality": "Oak Park", "postcode": "60304-1653", "region": "IL", "country": "US" } ], "sources": [ { "property": "", "dataset": "meta", "license": "CDLA-Permissive-2.0", "record_id": "311245892317321", "update_time": "2026-04-06T00:00:00.000Z", "confidence": 0.8849918842315674, "between": null }, { "property": "/properties/confidence", "dataset": "Overture", "license": "CDLA-Permissive-2.0", "record_id": null, "update_time": "2026-04-07T10:00:15Z", "confidence": null, "between": null } ] }, "geometry": { "type": "Point", "coordinates": [ -87.779079, 41.872538 ] } },
{ "type": "Feature", "properties": { "id": "8a626aa4-3bfc-4e82-9d66-b63562542ff3", "version": 7, "names": { "primary": "Purple Sun Arts LLC", "common": null, "rules": null }, "categories": { "primary": "art_gallery", "alternate": [ "arts_and_entertainment" ] }, "confidence": 0.34799590706825256, "websites": null, "socials": [ "https://www.facebook.com/103224755424153" ], "emails": null, "phones": [ "+17089487443" ], "brand": { "wikidata": null, "names": { "primary": null, "common": null, "rules": null } }, "addresses": [ { "freeform": "142 Harrison St", "locality": "Oak Park", "postcode": "60304-1671", "region": "IL", "country": "US" } ], "sources": [ { "property": "", "dataset": "meta", "license": "CDLA-Permissive-2.0", "record_id": "103224755424153", "update_time": "2026-04-06T00:00:00.000Z", "confidence": 0.34799590706825256, "between": null }, { "property": "/properties/confidence", "dataset": "Overture", "license": "CDLA-Permissive-2.0", "record_id": null, "update_time": "2026-04-07T10:00:15Z", "confidence": null, "between": null } ] }, "geometry": { "type": "Point", "coordinates": [ -87.7788924, 41.87278463 ] } },
{ "type": "Feature", "properties": { "id": "a5100959-cf13-4a65-95e9-f3d218d142cb", "version": 5, "names": { "primary": "Barrie Park", "common": null, "rules": null }, "categories": { "primary": "park", "alternate": [ "playground", "attractions_and_activities" ] }, "confidence": 0.99265748262405396, "websites": [ "http://www.oakparkparks.com" ], "socials": [ "https://www.facebook.com/109263149129954" ], "emails": null, "phones": [ "+17083836905" ], "brand": { "wikidata": null, "names": { "primary": null, "common": null, "rules": null } }, "addresses": [ { "freeform": "1011 S Lombard Ave", "locality": "Oak Park", "postcode": "60304-2211", "region": "IL", "country": "US" } ], "sources": [ { "property": "", "dataset": "meta", "license": "CDLA-Permissive-2.0", "record_id": "109263149129954", "update_time": "2026-04-06T00:00:00.000Z", "confidence": 0.992657482624054, "between": null }, { "property": "/properties/confidence", "dataset": "Overture", "license": "CDLA-Permissive-2.0", "record_id": null, "update_time": "2026-04-07T10:00:15Z", "confidence": null, "between": null } ] }, "geometry": { "type": "Point", "coordinates": [ -87.77939699, 41.87035293 ] } },
{ "type": "Feature", "properties": { "id": "4073618c-c714-4743-a919-24c1da2ed66e", "version": 1, "names": { "primary": "Barrie Park", "common": null, "rules": null }, "categories": { "primary": "park", "alternate": [ "pub" ] }, "confidence": 0.56058251857757568, "websites": null, "socials": [ "https://www.facebook.com/139272209478652" ], "emails": null, "phones": [ "+17087252000" ], "brand": { "wikidata": null, "names": { "primary": null, "common": null, "rules": null } }, "addresses": [ { "freeform": "127 Garfield St", "locality": "Oak Park", "postcode": "60304", "region": "IL", "country": "US" } ], "sources": [ { "property": "", "dataset": "meta", "license": "CDLA-Permissive-2.0", "record_id": "139272209478652", "update_time": "2026-04-06T00:00:00.000Z", "confidence": 0.5605825185775757, "between": null }, { "property": "/properties/confidence", "dataset": "Overture", "license": "CDLA-Permissive-2.0", "record_id": null, "update_time": "2026-04-07T10:00:15Z", "confidence": null, "between": null } ] }, "geometry": { "type": "Point", "coordinates": [ -87.77863137, 41.8699767 ] } },
{ "type": "Feature", "properties": { "id": "93feb334-b83a-47f2-bd55-7f56e4c7e0b4", "version": 1, "names": { "primary": "Oak Park Arts District Business Association", "common": null, "rules": null }, "categories": { "primary": "art_gallery", "alternate": [ "arts_and_entertainment" ] }, "confidence": 0.76995044946670532, "websites": [ "http://www.oakparkartsdistrict.com/" ], "socials": [ "https://www.facebook.com/87675430754" ], "emails": [ "info@oakparkartsdistrict.com" ], "phones": [ "+17088052441" ], "brand": { "wikidata": null, "names": { "primary": null, "common": null, "rules": null } }, "addresses": [ { "freeform": "On Harrison St Btw Austin & Ridgeland", "locality": "Oak Park", "postcode": "60304", "region": "IL", "country": "US" } ], "sources": [ { "property": "", "dataset": "meta", "license": "CDLA-Permissive-2.0", "record_id": "87675430754", "update_time": "2026-04-06T00:00:00.000Z", "confidence": 0.7699504494667053, "between": null }, { "property": "/properties/confidence", "dataset": "Overture", "license": "CDLA-Permissive-2.0", "record_id": null, "update_time": "2026-04-07T10:00:15Z", "confidence": null, "between": null } ] }, "geometry": { "type": "Point", "coordinates": [ -87.775001, 41.872645 ] } },
{ "type": "Feature", "properties": { "id": "cf02fa50-59a0-42ec-9a06-4abc053336b8", "version": 5, "names": { "primary": "Columbus Park", "common": null, "rules": null }, "categories": { "primary": "park", "alternate": [ "landmark_and_historical_building", "attractions_and_activities" ] }, "confidence": 0.9448095667362213, "websites": [ "http://www.chicagoparkdistrict.com" ], "socials": [ "https://www.facebook.com/113910928619300" ], "emails": [ "info@chicagoparkdistrict.com" ], "phones": [ "+17732877641" ], "brand": { "wikidata": null, "names": { "primary": null, "common": null, "rules": null } }, "addresses": [ { "freeform": "500 S Central Ave", "locality": "Chicago", "postcode": "60644-5053", "region": "IL", "country": "US" } ], "sources": [ { "property": "", "dataset": "meta", "license": "CDLA-Permissive-2.0", "record_id": "113910928619300", "update_time": "2026-04-06T00:00:00.000Z", "confidence": 0.7600415945053101, "between": null }, { "property": "/properties/confidence", "dataset": "Overture", "license": "CDLA-Permissive-2.0", "record_id": null, "update_time": "2026-04-07T10:00:15Z", "confidence": null, "between": null } ] }, "geometry": { "type": "Point", "coordinates": [ -87.76953759, 41.87428876 ] } },
{ "type": "Feature", "properties": { "id": "f9969c5c-25d2-4417-bfb6-8bce8f037958", "version": 4, "names": { "primary": "Columbus Park Refectory", "common": null, "rules": null }, "categories": { "primary": "park", "alternate": null }, "confidence": 0.96445047855377197, "websites": [ "https://columbuspark.cpdgolf.com/" ], "socials": [ "https://www.facebook.com/229898427046680" ], "emails": null, "phones": [ "+17732870856" ], "brand": { "wikidata": null, "names": { "primary": null, "common": null, "rules": null } }, "addresses": [ { "freeform": "5701 W Jackson Blvd", "locality": "Chicago", "postcode": "60644", "region": "IL", "country": "US" } ], "sources": [ { "property": "", "dataset": "meta", "license": "CDLA-Permissive-2.0", "record_id": "229898427046680", "update_time": "2026-04-06T00:00:00.000Z", "confidence": 0.964450478553772, "between": null }, { "property": "/properties/confidence", "dataset": "Overture", "license": "CDLA-Permissive-2.0", "record_id": null, "update_time": "2026-04-07T10:00:15Z", "confidence": null, "between": null } ] }, "geometry": { "type": "Point", "coordinates": [ -87.76865795, 41.87671452 ] } },
{ "type": "Feature", "properties": { "id": "3539e6d8-9322-4d50-9062-0b3c9eeb2478", "version": 1, "names": { "primary": "Chi-Town Hundesports Verein, Inc", "common": null, "rules": null }, "categories": { "primary": "dog_park", "alternate": [ "dog_trainer" ] }, "confidence": 0.2776465117931366, "websites": null, "socials": [ "https://www.facebook.com/995354940322658" ], "emails": [ "goldenk9academy@gmail.com" ], "phones": [ "+17085569350" ], "brand": { "wikidata": null, "names": { "primary": null, "common": null, "rules": null } }, "addresses": [ { "freeform": "5701 W Jackson Blvd", "locality": "Chicago", "postcode": "60644", "region": "IL", "country": "US" } ], "sources": [ { "property": "", "dataset": "meta", "license": "CDLA-Permissive-2.0", "record_id": "995354940322658", "update_time": "2026-04-06T00:00:00.000Z", "confidence": 0.2776465117931366, "between": null }, { "property": "/properties/confidence", "dataset": "Overture", "license": "CDLA-Permissive-2.0", "record_id": null, "update_time": "2026-04-07T10:00:15Z", "confidence": null, "between": null } ] }, "geometry": { "type": "Point", "coordinates": [ -87.76853, 41.8765 ] } },
{ "type": "Feature", "properties": { "id": "e59633a0-b343-438b-a997-4c1a3e123887", "version": 7, "names": { "primary": "Cicero Aparment for Rent", "common": null, "rules": null }, "categories": { "primary": "landmark_and_historical_building", "alternate": [ "real_estate", "accommodation" ] }, "confidence": 0.59367072582244873, "websites": null, "socials": [ "https://www.facebook.com/193666644048229" ], "emails": null, "phones": null, "brand": { "wikidata": null, "names": { "primary": null, "common": null, "rules": null } }, "addresses": [ { "freeform": "5734 W 22nd Pl", "locality": "Cicero", "postcode": "60804-2645", "region": "IL", "country": "US" } ], "sources": [ { "property": "", "dataset": "meta", "license": "CDLA-Permissive-2.0", "record_id": "193666644048229", "update_time": "2026-04-06T00:00:00.000Z", "confidence": 0.5936707258224487, "between": null }, { "property": "/properties/confidence", "dataset": "Overture", "license": "CDLA-Permissive-2.0", "record_id": null, "update_time": "2026-04-07T10:00:15Z", "confidence": null, "between": null } ] }, "geometry": { "type": "Point", "coordinates": [ -87.7665, 41.85 ] } },
{ "type": "Feature", "properties": { "id": "9ad347be-0ff6-4afb-9ab8-0f94dd7410b3", "version": 7, "names": { "primary": "Czechoslovak Heritage Museum", "common": null, "rules": null }, "categories": { "primary": "community_museum", "alternate": [ "history_museum", "museum" ] }, "confidence": 0.94694489240646362, "websites": [ "http://czechoslovakheritagemuseum.com/" ], "socials": [ "https://www.facebook.com/100867939958513" ], "emails": [ "czechoslovakhm@gmail.com" ], "phones": [ "+16306252680" ], "brand": { "wikidata": null, "names": { "primary": null, "common": null, "rules": null } }, "addresses": [ { "freeform": "5732 W Cermak Rd", "locality": "Cicero", "postcode": "60804-2130", "region": "IL", "country": "US" } ], "sources": [ { "property": "", "dataset": "meta", "license": "CDLA-Permissive-2.0", "record_id": "100867939958513", "update_time": "2026-04-06T00:00:00.000Z", "confidence": 0.8734789490699768, "between": null }, { "property": "/properties/confidence", "dataset": "Overture", "license": "CDLA-Permissive-2.0", "record_id": null, "update_time": "2026-04-07T10:00:15Z", "confidence": null, "between": null } ] }, "geometry": { "type": "Point", "coordinates": [ -87.76800353, 41.85119868 ] } },
{ "type": "Feature", "properties": { "id": "c694a5c2-b38e-4359-9114-e3a4b6ba105c", "version": 8, "names": { "primary": "North Clyde Park", "common": null, "rules": null }, "categories": { "primary": "park", "alternate": [ "public_and_government_association", "public_service_and_government" ] }, "confidence": 0.94694489240646362, "websites": null, "socials": [ "https://www.facebook.com/147318375341935" ], "emails": null, "phones": [ "+17088631399" ], "brand": { "wikidata": null, "names": { "primary": null, "common": null, "rules": null } }, "addresses": [ { "freeform": "2102 S 60th Ct", "locality": "Cicero", "postcode": "60804", "region": "IL", "country": "US" } ], "sources": [ { "property": "", "dataset": "meta", "license": "CDLA-Permissive-2.0", "record_id": "147318375341935", "update_time": "2026-04-06T00:00:00.000Z", "confidence": 0.9720683693885803, "between": null }, { "property": "/properties/confidence", "dataset": "Overture", "license": "CDLA-Permissive-2.0", "record_id": null, "update_time": "2026-04-07T10:00:15Z", "confidence": null, "between": null } ] }, "geometry": { "type": "Point", "coordinates": [ -87.7753141, 41.85225103 ] } },
{ "type": "Feature", "properties": { "id": "5563b0d7-57f3-4971-a4f3-4e9e461f075f", "version": 7, "names": { "primary": "Clyde Park", "common": null, "rules": null }, "categories": { "primary": "park", "alternate": [ "sports_and_recreation_venue", "public_and_government_association" ] }, "confidence": 0.94694489240646362, "websites": [ "http://www.recreationparks.net/IL/cook/clyde-park-cicero" ], "socials": [ "https://www.facebook.com/131981326846917" ], "emails": null, "phones": [ "+17086529606" ], "brand": { "wikidata": null, "names": { "primary": null, "common": null, "rules": null } }, "addresses": [ { "freeform": "2730 S 61st Ave", "locality": "Cicero", "postcode": "60804-3045", "region": "IL", "country": "US" } ], "sources": [ { "property": "", "dataset": "meta", "license": "CDLA-Permissive-2.0", "record_id": "131981326846917", "update_time": "2026-04-06T00:00:00.000Z", "confidence": 0.983857274055481, "between": null }, { "property": "/properties/confidence", "dataset": "Overture", "license": "CDLA-Permissive-2.0", "record_id": null, "update_time": "2026-04-07T10:00:15Z", "confidence": null, "between": null } ] }, "geometry": { "type": "Point", "coordinates": [ -87.7762046, 41.8407741 ] } },
{ "type": "Feature", "properties": { "id": "990e6903-7b55-47de-a1f7-d08bfccc240f", "version": 6, "names": { "primary": "West Morton Park", "common": null, "rules": null }, "categories": { "primary": "park", "alternate": [ "attractions_and_activities", "playground" ] }, "confidence": 0.94694489240646362, "websites": [ "https://www.groupon.com/biz/cicero-il/west-morton-park" ], "socials": [ "https://www.facebook.com/253963241366141" ], "emails": null, "phones": [ "+17086523545" ], "brand": { "wikidata": null, "names": { "primary": null, "common": null, "rules": null } }, "addresses": [ { "freeform": "2501 S Central Ave", "locality": "Cicero", "postcode": "60804", "region": "IL", "country": "US" } ], "sources": [ { "property": "", "dataset": "meta", "license": "CDLA-Permissive-2.0", "record_id": "253963241366141", "update_time": "2026-04-06T00:00:00.000Z", "confidence": 0.9189040660858154, "between": null }, { "property": "/properties/confidence", "dataset": "Overture", "license": "CDLA-Permissive-2.0", "record_id": null, "update_time": "2026-04-07T10:00:15Z", "confidence": null, "between": null } ] }, "geometry": { "type": "Point", "coordinates": [ -87.76356842, 41.84504251 ] } },
{ "type": "Feature", "properties": { "id": "2943548b-03c3-4ec1-b360-97ba04e6220b", "version": 6, "names": { "primary": "Parkholme Park", "common": null, "rules": null }, "categories": { "primary": "park", "alternate": [ "active_life", "sports_club_and_league" ] }, "confidence": 0.9839867252111435, "websites": null, "socials": [ "https://www.facebook.com/226037954077734" ], "emails": null, "phones": [ "+17086529414" ], "brand": { "wikidata": null, "names": { "primary": null, "common": null, "rules": null } }, "addresses": [ { "freeform": "1820 S 51st Ave", "locality": "Cicero", "postcode": "60804", "region": "IL", "country": "US" } ], "sources": [ { "property": "", "dataset": "meta", "license": "CDLA-Permissive-2.0", "record_id": "226037954077734", "update_time": "2026-04-06T00:00:00.000Z", "confidence": 0.9303770661354065, "between": null }, { "property": "/properties/confidence", "dataset": "Overture", "license": "CDLA-Permissive-2.0", "record_id": null, "update_time": "2026-04-07T10:00:15Z", "confidence": null, "between": null } ] }, "geometry": { "type": "Point", "coordinates": [ -87.752037, 41.855745 ] } },
{ "type": "Feature", "properties": { "id": "ac27f9ad-6d34-4d4a-8ca6-7face24b4b41", "version": 7, "names": { "primary": "Courts of Cicero", "common": null, "rules": null }, "categories": { "primary": "landmark_and_historical_building", "alternate": [ "retirement_home", "stadium_arena" ] }, "confidence": 0.40554144978523254, "websites": [ "https://courts-of-cicero.hub.biz/" ], "socials": [ "https://www.facebook.com/150414858334773" ], "emails": null, "phones": [ "+17082220155" ], "brand": { "wikidata": null, "names": { "primary": null, "common": null, "rules": null } }, "addresses": [ { "freeform": "5108 W 18th St", "locality": "Cicero", "postcode": "60804", "region": "IL", "country": "US" } ], "sources": [ { "property": "", "dataset": "meta", "license": "CDLA-Permissive-2.0", "record_id": "150414858334773", "update_time": "2026-04-06T00:00:00.000Z", "confidence": 0.40554144978523254, "between": null }, { "property": "/properties/confidence", "dataset": "Overture", "license": "CDLA-Permissive-2.0", "record_id": null, "update_time": "2026-04-07T10:00:15Z", "confidence": null, "between": null } ] }, "geometry": { "type": "Point", "coordinates": [ -87.752123, 41.856811 ] } },
{ "type": "Feature", "properties": { "id": "695ebef2-42b5-4398-81b6-3ab9b737a84c", "version": 1, "names": { "primary": "Cicero Campus Park", "common": null, "rules": null }, "categories": { "primary": "park", "alternate": [ "attractions_and_activities" ] }, "confidence": 0.78850024938583374, "websites": null, "socials": [ "https://www.facebook.com/238976673283730" ], "emails": null, "phones": null, "brand": { "wikidata": null, "names": { "primary": null, "common": null, "rules": null } }, "addresses": [ { "freeform": "Laramie/18th, 1647 S Laramie Ave", "locality": "Cicero", "postcode": "60804-1943", "region": "IL", "country": "US" } ], "sources": [ { "property": "", "dataset": "meta", "license": "CDLA-Permissive-2.0", "record_id": "238976673283730", "update_time": "2026-04-06T00:00:00.000Z", "confidence": 0.7885002493858337, "between": null }, { "property": "/properties/confidence", "dataset": "Overture", "license": "CDLA-Permissive-2.0", "record_id": null, "update_time": "2026-04-07T10:00:15Z", "confidence": null, "between": null } ] }, "geometry": { "type": "Point", "coordinates": [ -87.754596809694618, 41.856751258698687 ] } },
{ "type": "Feature", "properties": { "id": "fd8b5889-0793-40eb-9280-26ef5a577547", "version": 2, "names": { "primary": "Chicago Park District", "common": null, "rules": null }, "categories": { "primary": "park", "alternate": [ "amusement_park", "water_park" ] }, "confidence": 0.66971021890640259, "websites": [ "http://www.chicagoparkdistrict.com" ], "socials": [ "https://www.facebook.com/1902480226725861" ], "emails": [ "play@chicagoparkdistrict.com" ], "phones": [ "+17732877641" ], "brand": { "wikidata": null, "names": { "primary": null, "common": null, "rules": null } }, "addresses": [ { "freeform": "500 S Central Ave", "locality": "Chicago", "postcode": "60644-5053", "region": "IL", "country": "US" } ], "sources": [ { "property": "", "dataset": "meta", "license": "CDLA-Permissive-2.0", "record_id": "1902480226725861", "update_time": "2026-04-06T00:00:00.000Z", "confidence": 0.6697102189064026, "between": null }, { "property": "/properties/confidence", "dataset": "Overture", "license": "CDLA-Permissive-2.0", "record_id": null, "update_time": "2026-04-07T10:00:15Z", "confidence": null, "between": null } ] }, "geometry": { "type": "Point", "coordinates": [ -87.764969, 41.873863 ] } },
{ "type": "Feature", "properties": { "id": "a36de167-4ec2-41e2-bba9-93e2e32ec932", "version": 4, "names": { "primary": "Trump Tower Chicago", "common": null, "rules": null }, "categories": { "primary": "landmark_and_historical_building", "alternate": [ "hotel", "topic_concert_venue" ] }, "confidence": 0.71727335453033447, "websites": [ "http://www.trumpchicago.com/" ], "socials": [ "https://www.facebook.com/311970052165303" ], "emails": null, "phones": null, "brand": { "wikidata": null, "names": { "primary": null, "common": null, "rules": null } }, "addresses": [ { "freeform": null, "locality": "Chicago", "postcode": null, "region": "IL", "country": "US" } ], "sources": [ { "property": "", "dataset": "meta", "license": "CDLA-Permissive-2.0", "record_id": "311970052165303", "update_time": "2026-04-06T00:00:00.000Z", "confidence": 0.7172733545303345, "between": null }, { "property": "/properties/confidence", "dataset": "Overture", "license": "CDLA-Permissive-2.0", "record_id": null, "update_time": "2026-04-07T10:00:15Z", "confidence": null, "between": null } ] }, "geometry": { "type": "Point", "coordinates": [ -87.753229430027005, 41.871788785832003 ] } },
{ "type": "Feature", "properties": { "id": "4a1f4297-0fb3-40da-b7ea-6e83d8584235", "version": 1, "names": { "primary": "Clyde Park", "common": null, "rules": null }, "categories": { "primary": "park", "alternate": [ "attractions_and_activities" ] }, "confidence": 0.47439825534820557, "websites": null, "socials": [ "https://www.facebook.com/228612080608226" ], "emails": null, "phones": null, "brand": { "wikidata": null, "names": { "primary": null, "common": null, "rules": null } }, "addresses": [ { "freeform": "1425 S 49th Ave", "locality": "Cicero", "postcode": "60804-1454", "region": "IL", "country": "US" } ], "sources": [ { "property": "", "dataset": "meta", "license": "CDLA-Permissive-2.0", "record_id": "228612080608226", "update_time": "2026-04-06T00:00:00.000Z", "confidence": 0.47439825534820557, "between": null }, { "property": "/properties/confidence", "dataset": "Overture", "license": "CDLA-Permissive-2.0", "record_id": null, "update_time": "2026-04-07T10:00:15Z", "confidence": null, "between": null } ] }, "geometry": { "type": "Point", "coordinates": [ -87.74668029, 41.86126971 ] } },
{ "type": "Feature", "properties": { "id": "80be4ff3-4235-427e-8b5c-f845affe336e", "version": 5, "names": { "primary": "John Clark Park", "common": null, "rules": null }, "categories": { "primary": "park", "alternate": [ "sports_and_recreation_venue" ] }, "confidence": 0.9878772497177124, "websites": [ "http://chicagoparkdistrict.com" ], "socials": [ "https://www.facebook.com/117476071638698" ], "emails": null, "phones": [ "+17732877794" ], "brand": { "wikidata": null, "names": { "primary": null, "common": null, "rules": null } }, "addresses": [ { "freeform": "4615 W Jackson Blvd", "locality": "Chicago", "postcode": "60644-4644", "region": "IL", "country": "US" } ], "sources": [ { "property": "", "dataset": "meta", "license": "CDLA-Permissive-2.0", "record_id": "117476071638698", "update_time": "2026-04-06T00:00:00.000Z", "confidence": 0.9878772497177124, "between": null }, { "property": "/properties/confidence", "dataset": "Overture", "license": "CDLA-Permissive-2.0", "record_id": null, "update_time": "2026-04-07T10:00:15Z", "confidence": null, "between": null } ] }, "geometry": { "type": "Point", "coordinates": [ -87.74106109, 41.87626681 ] } },
{ "type": "Feature", "properties": { "id": "4fdd08fb-fbd5-4427-a8a7-6a5b2018bd1f", "version": 8, "names": { "primary": "ABC Monuments", "common": null, "rules": null }, "categories": { "primary": "monument", "alternate": [ "retail", "professional_services" ] }, "confidence": 0.98401803672313692, "websites": [ "http://abcmonuments.com/" ], "socials": [ "https://www.facebook.com/303490143345360" ], "emails": [ "abc1@abcmonuments.com" ], "phones": [ "+13129270444" ], "brand": { "wikidata": null, "names": { "primary": null, "common": null, "rules": null } }, "addresses": [ { "freeform": "4460 W Lexington St", "locality": "Chicago", "postcode": "60624-3427", "region": "IL", "country": "US" } ], "sources": [ { "property": "", "dataset": "meta", "license": "CDLA-Permissive-2.0", "record_id": "303490143345360", "update_time": "2026-04-06T00:00:00.000Z", "confidence": 0.9305132031440735, "between": null }, { "property": "/properties/confidence", "dataset": "Overture", "license": "CDLA-Permissive-2.0", "record_id": null, "update_time": "2026-04-07T10:00:15Z", "confidence": null, "between": null } ] }, "geometry": { "type": "Point", "coordinates": [ -87.73741076, 41.87163712 ] } },
{ "type": "Feature", "properties": { "id": "4e6bba8b-2766-44a2-9b40-d6a527712a9c", "version": 8, "names": { "primary": "Chicago Park District Sumner Park", "common": null, "rules": null }, "categories": { "primary": "park", "alternate": [ "public_school", "active_life" ] }, "confidence": 0.8428192138671875, "websites": [ "https://www.chicagoparkdistrict.com/parks-facilities/sumner-park" ], "socials": [ "https://www.facebook.com/1396191647268164" ], "emails": null, "phones": [ "+13127465394" ], "brand": { "wikidata": null, "names": { "primary": null, "common": null, "rules": null } }, "addresses": [ { "freeform": "4350 W 5th Ave", "locality": "Chicago", "postcode": "60624-3401", "region": "IL", "country": "US" } ], "sources": [ { "property": "", "dataset": "meta", "license": "CDLA-Permissive-2.0", "record_id": "1396191647268164", "update_time": "2026-04-06T00:00:00.000Z", "confidence": 0.8428192138671875, "between": null }, { "property": "/properties/confidence", "dataset": "Overture", "license": "CDLA-Permissive-2.0", "record_id": null, "update_time": "2026-04-07T10:00:15Z", "confidence": null, "between": null } ] }, "geometry": { "type": "Point", "coordinates": [ -87.734878, 41.870941 ] } },
{ "type": "Feature", "properties": { "id": "eb4b991d-2f63-491d-bce1-58a560fe041a", "version": 8, "names": { "primary": "Franklin Park", "common": null, "rules": null }, "categories": { "primary": "park", "alternate": [ "community_center", "sports_and_recreation_venue" ] }, "confidence": 0.94694489240646362, "websites": [ "http://chicagoparkdistrict.com" ], "socials": [ "https://www.facebook.com/551501874893239" ], "emails": [ "fpacchicago@gmail.com" ], "phones": [ "+13127477676" ], "brand": { "wikidata": null, "names": { "primary": null, "common": null, "rules": null } }, "addresses": [ { "freeform": "4320 W 15th St", "locality": "Chicago", "postcode": "60623-1012", "region": "IL", "country": "US" } ], "sources": [ { "property": "", "dataset": "meta", "license": "CDLA-Permissive-2.0", "record_id": "551501874893239", "update_time": "2026-04-06T00:00:00.000Z", "confidence": 0.9585935473442078, "between": null }, { "property": "/properties/confidence", "dataset": "Overture", "license": "CDLA-Permissive-2.0", "record_id": null, "update_time": "2026-04-07T10:00:15Z", "confidence": null, "between": null } ] }, "geometry": { "type": "Point", "coordinates": [ -87.7323175, 41.86137252 ] } },
{ "type": "Feature", "properties": { "id": "c82509bf-151e-4895-afc4-7f3ccf717032", "version": 7, "names": { "primary": "Villa", "common": null, "rules": null }, "categories": { "primary": "landmark_and_historical_building", "alternate": [ "shoe_store", "shopping" ] }, "confidence": 0.91226115405559538, "websites": [ "https://locations.dtlr.com/villa-d680145d42c4" ], "socials": [ "https://www.facebook.com/854266844649252" ], "emails": null, "phones": [ "+17086563023" ], "brand": { "wikidata": null, "names": { "primary": "DTLR", "common": null, "rules": null } }, "addresses": [ { "freeform": "4723 W Cermak Rd", "locality": "Cicero", "postcode": "60804", "region": "IL", "country": "US" } ], "sources": [ { "property": "", "dataset": "meta", "license": "CDLA-Permissive-2.0", "record_id": "854266844649252", "update_time": "2026-04-06T00:00:00.000Z", "confidence": 0.6185267567634583, "between": null }, { "property": "/properties/confidence", "dataset": "Overture", "license": "CDLA-Permissive-2.0", "record_id": null, "update_time": "2026-04-07T10:00:15Z", "confidence": null, "between": null } ] }, "geometry": { "type": "Point", "coordinates": [ -87.741079762624736, 41.849403104155002 ] } },
{ "type": "Feature", "properties": { "id": "95eaae87-3b97-4ca0-884f-d93cf7824f80", "version": 6, "names": { "primary": "Morton Park", "common": null, "rules": null }, "categories": { "primary": "park", "alternate": [ "attractions_and_activities" ] }, "confidence": 0.87299710512161255, "websites": [ "http://www.morton.edu" ], "socials": [ "https://www.facebook.com/1774373756163770" ], "emails": null, "phones": [ "+17088630839" ], "brand": { "wikidata": null, "names": { "primary": null, "common": null, "rules": null } }, "addresses": [ { "freeform": "2401 S 50th Ave", "locality": "Cicero", "postcode": "60804-3437", "region": "IL", "country": "US" } ], "sources": [ { "property": "", "dataset": "meta", "license": "CDLA-Permissive-2.0", "record_id": "1774373756163770", "update_time": "2026-04-06T00:00:00.000Z", "confidence": 0.8729971051216125, "between": null }, { "property": "/properties/confidence", "dataset": "Overture", "license": "CDLA-Permissive-2.0", "record_id": null, "update_time": "2026-04-07T10:00:15Z", "confidence": null, "between": null } ] }, "geometry": { "type": "Point", "coordinates": [ -87.74870795, 41.84730738 ] } },
{ "type": "Feature", "properties": { "id": "efeabc9d-8a45-4617-8a6d-d27c7808236d", "version": 6, "names": { "primary": "Cicero Community Park", "common": null, "rules": null }, "categories": { "primary": "park", "alternate": [ "active_life", "sports_and_recreation_venue" ] }, "confidence": 0.94694489240646362, "websites": [ "http://www.thetownofcicero.com/" ], "socials": [ "https://www.facebook.com/175270659191383" ], "emails": null, "phones": [ "+17086563600" ], "brand": { "wikidata": null, "names": { "primary": null, "common": null, "rules": null } }, "addresses": [ { "freeform": "3400 S Laramie Ave", "locality": "Cicero", "postcode": "60804-4501", "region": "IL", "country": "US" } ], "sources": [ { "property": "", "dataset": "meta", "license": "CDLA-Permissive-2.0", "record_id": "175270659191383", "update_time": "2026-04-06T00:00:00.000Z", "confidence": 0.9920367002487183, "between": null }, { "property": "/properties/confidence", "dataset": "Overture", "license": "CDLA-Permissive-2.0", "record_id": null, "update_time": "2026-04-07T10:00:15Z", "confidence": null, "between": null } ] }, "geometry": { "type": "Point", "coordinates": [ -87.75464784, 41.8302067 ] } },
{ "type": "Feature", "properties": { "id": "5d10b823-c949-4388-8da3-cf2332a361fd", "version": 3, "names": { "primary": "Cicero Community Park", "common": null, "rules": null }, "categories": { "primary": "park", "alternate": null }, "confidence": 0.77, "websites": null, "socials": [ "https://www.facebook.com/175270659191383" ], "emails": null, "phones": [ "(708) 652-9904" ], "brand": null, "addresses": [ { "freeform": "S 53rd Ave.", "locality": "Cicero", "postcode": "60804", "region": "IL", "country": "US" } ], "sources": [ { "property": "", "dataset": "Foursquare", "license": "Apache-2.0", "record_id": "4c463a3dcd5ca59347370087", "update_time": "2025-09-11T00:00:00.000", "confidence": 0.77, "between": null }, { "property": "/properties/confidence", "dataset": "Overture", "license": "CDLA-Permissive-2.0", "record_id": null, "update_time": "2026-04-07T10:00:15Z", "confidence": null, "between": null } ] }, "geometry": { "type": "Point", "coordinates": [ -87.755702170837012, 41.830621937391108 ] } },
{ "type": "Feature", "properties": { "id": "6f79f919-dbaa-4a6a-a67f-3f87d9c346bf", "version": 7, "names": { "primary": "Safety Park", "common": null, "rules": null }, "categories": { "primary": "park", "alternate": [ "public_service_and_government", "active_life" ] }, "confidence": 0.94694489240646362, "websites": [ "www.thetownofcicero.com" ], "socials": [ "https://www.facebook.com/209218719095543" ], "emails": null, "phones": [ "+17086563600" ], "brand": { "wikidata": null, "names": { "primary": null, "common": null, "rules": null } }, "addresses": [ { "freeform": "5498 W 34th St", "locality": "Cicero", "postcode": "60804-3954", "region": "IL", "country": "US" } ], "sources": [ { "property": "", "dataset": "meta", "license": "CDLA-Permissive-2.0", "record_id": "209218719095543", "update_time": "2026-04-06T00:00:00.000Z", "confidence": 0.9683767557144165, "between": null }, { "property": "/properties/confidence", "dataset": "Overture", "license": "CDLA-Permissive-2.0", "record_id": null, "update_time": "2026-04-07T10:00:15Z", "confidence": null, "between": null } ] }, "geometry": { "type": "Point", "coordinates": [ -87.76076301, 41.83124046 ] } },
{ "type": "Feature", "properties": { "id": "475b06fd-8613-4ac1-b8dc-dcd46da77045", "version": 7, "names": { "primary": "Columbus Park", "common": null, "rules": null }, "categories": { "primary": "park", "alternate": [ "basketball_court", "public_plaza" ] }, "confidence": 0.78667378425598145, "websites": null, "socials": [ "https://www.facebook.com/2221992378016210" ], "emails": null, "phones": null, "brand": { "wikidata": null, "names": { "primary": null, "common": null, "rules": null } }, "addresses": [ { "freeform": "", "locality": "Cicero", "postcode": "60804", "region": "IL", "country": "US" } ], "sources": [ { "property": "", "dataset": "meta", "license": "CDLA-Permissive-2.0", "record_id": "2221992378016210", "update_time": "2026-04-06T00:00:00.000Z", "confidence": 0.7866737842559814, "between": null }, { "property": "/properties/confidence", "dataset": "Overture", "license": "CDLA-Permissive-2.0", "record_id": null, "update_time": "2026-04-07T10:00:15Z", "confidence": null, "between": null } ] }, "geometry": { "type": "Point", "coordinates": [ -87.761167, 41.833543 ] } },
{ "type": "Feature", "properties": { "id": "86cf98bb-cc1a-4e05-a94d-273ccc3e6c75", "version": 9, "names": { "primary": "Drexel (Francis) Park", "common": null, "rules": null }, "categories": { "primary": "park", "alternate": null }, "confidence": 0.77, "websites": [ "http://chicagoparkdistrict.com" ], "socials": null, "emails": null, "phones": [ "(312) 747-6443" ], "brand": null, "addresses": [ { "freeform": "6931 S Damen Ave", "locality": "Chicago", "postcode": "60636", "region": "IL", "country": "US" } ], "sources": [ { "property": "", "dataset": "Foursquare", "license": "Apache-2.0", "record_id": "4f6b838b7bebf48a25686c94", "update_time": "2025-12-09T00:00:00.000", "confidence": 0.77, "between": null }, { "property": "/properties/confidence", "dataset": "Overture", "license": "CDLA-Permissive-2.0", "record_id": null, "update_time": "2026-04-07T10:00:15Z", "confidence": null, "between": null } ] }, "geometry": { "type": "Point", "coordinates": [ -87.75798277599192, 41.827493588151341 ] } },
{ "type": "Feature", "properties": { "id": "9a960564-0bbe-4523-aafd-65d7724d20f2", "version": 2, "names": { "primary": "Drexel Park", "common": null, "rules": null }, "categories": { "primary": "park", "alternate": [ "attractions_and_activities", "sports_and_recreation_venue" ] }, "confidence": 0.92130476236343384, "websites": [ "http://chicagoparkdistrict.com" ], "socials": [ "https://www.facebook.com/110901792299081" ], "emails": null, "phones": [ "+13127476443" ], "brand": { "wikidata": null, "names": { "primary": null, "common": null, "rules": null } }, "addresses": [ { "freeform": "3559 S 54th Ave", "locality": "Cicero", "postcode": "60804-4438", "region": "IL", "country": "US" } ], "sources": [ { "property": "", "dataset": "meta", "license": "CDLA-Permissive-2.0", "record_id": "110901792299081", "update_time": "2026-04-06T00:00:00.000Z", "confidence": 0.9213047623634338, "between": null }, { "property": "/properties/confidence", "dataset": "Overture", "license": "CDLA-Permissive-2.0", "record_id": null, "update_time": "2026-04-07T10:00:15Z", "confidence": null, "between": null } ] }, "geometry": { "type": "Point", "coordinates": [ -87.76003575, 41.8268258 ] } },
{ "type": "Feature", "properties": { "id": "b441005b-566e-4f8c-b86e-0653620a204b", "version": 6, "names": { "primary": "Stickney, Forest View", "common": null, "rules": null }, "categories": { "primary": "park", "alternate": [ "public_and_government_association" ] }, "confidence": 0.55242878198623657, "websites": null, "socials": [ "https://www.facebook.com/769256563181415" ], "emails": null, "phones": null, "brand": { "wikidata": null, "names": { "primary": null, "common": null, "rules": null } }, "addresses": [ { "freeform": null, "locality": "Chicago", "postcode": null, "region": "IL", "country": "US" } ], "sources": [ { "property": "", "dataset": "meta", "license": "CDLA-Permissive-2.0", "record_id": "769256563181415", "update_time": "2026-04-06T00:00:00.000Z", "confidence": 0.5524287819862366, "between": null }, { "property": "/properties/confidence", "dataset": "Overture", "license": "CDLA-Permissive-2.0", "record_id": null, "update_time": "2026-04-07T10:00:15Z", "confidence": null, "between": null } ] }, "geometry": { "type": "Point", "coordinates": [ -87.766282701380007, 41.806377400804998 ] } },
{ "type": "Feature", "properties": { "id": "73518136-7fb0-4381-8afd-71eec0ab1199", "version": 7, "names": { "primary": "Charles J Sahs Track", "common": null, "rules": null }, "categories": { "primary": "park", "alternate": [ "attractions_and_activities" ] }, "confidence": 0.55326592922210693, "websites": null, "socials": [ "https://www.facebook.com/838883836462283" ], "emails": null, "phones": null, "brand": { "wikidata": null, "names": { "primary": null, "common": null, "rules": null } }, "addresses": [ { "freeform": "", "locality": "Chicago", "postcode": "60638", "region": "IL", "country": "US" } ], "sources": [ { "property": "", "dataset": "meta", "license": "CDLA-Permissive-2.0", "record_id": "838883836462283", "update_time": "2026-04-06T00:00:00.000Z", "confidence": 0.5532659292221069, "between": null }, { "property": "/properties/confidence", "dataset": "Overture", "license": "CDLA-Permissive-2.0", "record_id": null, "update_time": "2026-04-07T10:00:15Z", "confidence": null, "between": null } ] }, "geometry": { "type": "Point", "coordinates": [ -87.757911, 41.801746 ] } },
{ "type": "Feature", "properties": { "id": "4492055d-dc82-46e7-b7bd-e9ee58a1fa5a", "version": 6, "names": { "primary": "Central Stickney Park District", "common": null, "rules": null }, "categories": { "primary": "park", "alternate": [ "active_life", "playground" ] }, "confidence": 0.96055823564529419, "websites": [ "http://chicagoparkdistrict.com" ], "socials": [ "https://www.facebook.com/158657494165500" ], "emails": null, "phones": [ "+17084968292" ], "brand": { "wikidata": null, "names": { "primary": null, "common": null, "rules": null } }, "addresses": [ { "freeform": "4715 S Long Ave", "locality": "Chicago", "postcode": "60638-1816", "region": "IL", "country": "US" } ], "sources": [ { "property": "", "dataset": "meta", "license": "CDLA-Permissive-2.0", "record_id": "158657494165500", "update_time": "2026-04-06T00:00:00.000Z", "confidence": 0.9845213294029236, "between": null }, { "property": "/properties/confidence", "dataset": "Overture", "license": "CDLA-Permissive-2.0", "record_id": null, "update_time": "2026-04-07T10:00:15Z", "confidence": null, "between": null } ] }, "geometry": { "type": "Point", "coordinates": [ -87.75761918, 41.80687022 ] } },
{ "type": "Feature", "properties": { "id": "4563f14d-b375-4ad4-9907-eb94ba6aed4a", "version": 8, "names": { "primary": "Vittum Park", "common": null, "rules": null }, "categories": { "primary": "park", "alternate": null }, "confidence": 0.99425583183765409, "websites": [ "http://www.chicagoparkdistrict.com" ], "socials": [ "https://www.facebook.com/1588500018078710" ], "emails": [ "play@chicagoparkdistrict.com" ], "phones": [ "+17732846022" ], "brand": { "wikidata": null, "names": { "primary": null, "common": null, "rules": null } }, "addresses": [ { "freeform": "5010 W 50th St", "locality": "Chicago", "postcode": "60638-2147", "region": "IL", "country": "US" } ], "sources": [ { "property": "", "dataset": "meta", "license": "CDLA-Permissive-2.0", "record_id": "1588500018078710", "update_time": "2026-04-06T00:00:00.000Z", "confidence": 0.9750253558158875, "between": null }, { "property": "/properties/confidence", "dataset": "Overture", "license": "CDLA-Permissive-2.0", "record_id": null, "update_time": "2026-04-07T10:00:15Z", "confidence": null, "between": null } ] }, "geometry": { "type": "Point", "coordinates": [ -87.74834386, 41.80299476 ] } },
{ "type": "Feature", "properties": { "id": "e75f600a-1759-49de-a82a-a71f54adff32", "version": 6, "names": { "primary": "Brighton Park Elemtary", "common": null, "rules": null }, "categories": { "primary": "park", "alternate": [ "elementary_school", "education" ] }, "confidence": 0.52212065458297729, "websites": null, "socials": [ "https://www.facebook.com/499555346777701" ], "emails": null, "phones": null, "brand": { "wikidata": null, "names": { "primary": null, "common": null, "rules": null } }, "addresses": [ { "freeform": "4846 S Lavergne Ave", "locality": "Chicago", "postcode": "60638-2139", "region": "IL", "country": "US" } ], "sources": [ { "property": "", "dataset": "meta", "license": "CDLA-Permissive-2.0", "record_id": "499555346777701", "update_time": "2026-04-06T00:00:00.000Z", "confidence": 0.5221206545829773, "between": null }, { "property": "/properties/confidence", "dataset": "Overture", "license": "CDLA-Permissive-2.0", "record_id": null, "update_time": "2026-04-07T10:00:15Z", "confidence": null, "between": null } ] }, "geometry": { "type": "Point", "coordinates": [ -87.74829, 41.80436 ] } },
{ "type": "Feature", "properties": { "id": "9ede112d-f0c9-457b-b2ba-6ef0b2f68ad5", "version": 6, "names": { "primary": "Cicero Senior Lofts", "common": null, "rules": null }, "categories": { "primary": "landmark_and_historical_building", "alternate": null }, "confidence": 0.99027200400829318, "websites": [ "https://www.pivotal-communities.com/properties/cicero-senior-lofts" ], "socials": [ "https://www.facebook.com/112707770522033" ], "emails": [ "cicero.senior@pivotal-hp.com" ], "phones": [ "+17734246986" ], "brand": { "wikidata": null, "names": { "primary": null, "common": null, "rules": null } }, "addresses": [ { "freeform": "4835 S Cicero Ave", "locality": "Chicago", "postcode": "60632-0002", "region": "IL", "country": "US" } ], "sources": [ { "property": "", "dataset": "meta", "license": "CDLA-Permissive-2.0", "record_id": "112707770522033", "update_time": "2026-04-06T00:00:00.000Z", "confidence": 0.9577043652534485, "between": null }, { "property": "/properties/confidence", "dataset": "Overture", "license": "CDLA-Permissive-2.0", "record_id": null, "update_time": "2026-04-07T10:00:15Z", "confidence": null, "between": null } ] }, "geometry": { "type": "Point", "coordinates": [ -87.74277518, 41.80482897 ] } },
{ "type": "Feature", "properties": { "id": "54b8b4f9-c2ce-43e1-ae05-28bf79d07b27", "version": 8, "names": { "primary": "Park & Fly - Midway", "common": null, "rules": null }, "categories": { "primary": "park", "alternate": [ "american_restaurant" ] }, "confidence": 0.79439038038253784, "websites": [ "https://en.parkopedia.com/parking/lot/park_and_fly_midway/60638/chicago/?vendor=here" ], "socials": [ "https://www.facebook.com/601686020195887" ], "emails": null, "phones": [ "+17734247252" ], "brand": { "wikidata": null, "names": { "primary": null, "common": null, "rules": null } }, "addresses": [ { "freeform": "4901 W 47th St", "locality": "Chicago", "postcode": "60638", "region": "IL", "country": "US" } ], "sources": [ { "property": "", "dataset": "meta", "license": "CDLA-Permissive-2.0", "record_id": "601686020195887", "update_time": "2026-04-06T00:00:00.000Z", "confidence": 0.7943903803825378, "between": null }, { "property": "/properties/confidence", "dataset": "Overture", "license": "CDLA-Permissive-2.0", "record_id": null, "update_time": "2026-04-07T10:00:15Z", "confidence": null, "between": null } ] }, "geometry": { "type": "Point", "coordinates": [ -87.7457985, 41.8074528 ] } },
{ "type": "Feature", "properties": { "id": "d1e484a2-0e48-4d68-b329-29828b9e295d", "version": 9, "names": { "primary": "Catalpa Park", "common": null, "rules": null }, "categories": { "primary": "park", "alternate": [ "topic_concert_venue", "health_and_medical" ] }, "confidence": 0.94216686487197876, "websites": [ "http://www.chicagoparkdistrict.com" ], "socials": [ "https://www.facebook.com/176137575778225" ], "emails": null, "phones": [ "+13127476136" ], "brand": { "wikidata": null, "names": { "primary": null, "common": null, "rules": null } }, "addresses": [ { "freeform": "4330 S Kedvale Ave", "locality": "Chicago", "postcode": "60632-4005", "region": "IL", "country": "US" } ], "sources": [ { "property": "", "dataset": "meta", "license": "CDLA-Permissive-2.0", "record_id": "176137575778225", "update_time": "2026-04-06T00:00:00.000Z", "confidence": 0.9421668648719788, "between": null }, { "property": "/properties/confidence", "dataset": "Overture", "license": "CDLA-Permissive-2.0", "record_id": null, "update_time": "2026-04-07T10:00:15Z", "confidence": null, "between": null } ] }, "geometry": { "type": "Point", "coordinates": [ -87.727923, 41.814243 ] } },
{ "type": "Feature", "properties": { "id": "3f8f6107-3339-47e6-8a1c-0857cdff1cc0", "version": 5, "names": { "primary": "Walnut Park", "common": null, "rules": null }, "categories": { "primary": "park", "alternate": [ "travel", "landmark_and_historical_building" ] }, "confidence": 0.94694489240646362, "websites": [ "http://www.chicagoparkdistrict.com" ], "socials": [ "https://www.facebook.com/102257566500713" ], "emails": null, "phones": [ "+17732847124" ], "brand": { "wikidata": null, "names": { "primary": null, "common": null, "rules": null } }, "addresses": [ { "freeform": "3801 W 45th St", "locality": "Chicago", "postcode": "60632-3501", "region": "IL", "country": "US" } ], "sources": [ { "property": "", "dataset": "meta", "license": "CDLA-Permissive-2.0", "record_id": "102257566500713", "update_time": "2026-04-06T00:00:00.000Z", "confidence": 0.949587881565094, "between": null }, { "property": "/properties/confidence", "dataset": "Overture", "license": "CDLA-Permissive-2.0", "record_id": null, "update_time": "2026-04-07T10:00:15Z", "confidence": null, "between": null } ] }, "geometry": { "type": "Point", "coordinates": [ -87.719431, 41.811437 ] } },
{ "type": "Feature", "properties": { "id": "d8ebc870-b0d9-435c-92c2-f80827c73ba6", "version": 8, "names": { "primary": "Curie Park", "common": null, "rules": null }, "categories": { "primary": "park", "alternate": [ "sports_and_recreation_venue", "community_center" ] }, "confidence": 0.96349459886550903, "websites": [ "http://www.chicagoparkdistrict.com" ], "socials": [ "https://www.facebook.com/273242546031113" ], "emails": [ "play@chicagoparkdistrict.com" ], "phones": [ "+17732847124" ], "brand": { "wikidata": null, "names": { "primary": null, "common": null, "rules": null } }, "addresses": [ { "freeform": "4949 S Archer Ave", "locality": "Chicago", "postcode": "60632-3622", "region": "IL", "country": "US" } ], "sources": [ { "property": "", "dataset": "meta", "license": "CDLA-Permissive-2.0", "record_id": "273242546031113", "update_time": "2026-04-06T00:00:00.000Z", "confidence": 0.963494598865509, "between": null }, { "property": "/properties/confidence", "dataset": "Overture", "license": "CDLA-Permissive-2.0", "record_id": null, "update_time": "2026-04-07T10:00:15Z", "confidence": null, "between": null } ] }, "geometry": { "type": "Point", "coordinates": [ -87.71994623, 41.80342248 ] } },
{ "type": "Feature", "properties": { "id": "0859974c-9f9f-4f03-bf32-0acf79563cae", "version": 5, "names": { "primary": "Fess Graphics & Sons/ Pink Ink Tattoo & Piercing", "common": null, "rules": null }, "categories": { "primary": "museum", "alternate": [ "piercing", "tattoo", "beauty_and_spa", "retail" ] }, "confidence": 0.77, "websites": [ "" ], "socials": null, "emails": null, "phones": [ "7735014053" ], "brand": null, "addresses": [ { "freeform": "4897 S Archer Ave", "locality": "Chicago", "postcode": "60632", "region": "IL", "country": "US" } ], "sources": [ { "property": "", "dataset": "Microsoft", "license": "CDLA-Permissive-2.0", "record_id": "1688849862705019", "update_time": "2017-03-11T23:30:00.940Z", "confidence": 0.77, "between": null }, { "property": "/properties/confidence", "dataset": "Overture", "license": "CDLA-Permissive-2.0", "record_id": null, "update_time": "2026-04-07T10:00:15Z", "confidence": null, "between": null } ] }, "geometry": { "type": "Point", "coordinates": [ -87.719613953959197, 41.802801920797052 ] } },
{ "type": "Feature", "properties": { "id": "47d89431-ec80-4c50-91be-1b631aa9534c", "version": 1, "names": { "primary": "Makenly Park", "common": null, "rules": null }, "categories": { "primary": "park", "alternate": [ "active_life", "sports_club_and_league" ] }, "confidence": 0.71334743499755859, "websites": [ "www.chicagoparkdistrict.com/parks/McKinley-Park" ], "socials": [ "https://www.facebook.com/256762421092073" ], "emails": null, "phones": null, "brand": { "wikidata": null, "names": { "primary": null, "common": null, "rules": null } }, "addresses": [ { "freeform": null, "locality": "Chicago", "postcode": null, "region": "IL", "country": "US" } ], "sources": [ { "property": "", "dataset": "meta", "license": "CDLA-Permissive-2.0", "record_id": "256762421092073", "update_time": "2026-04-06T00:00:00.000Z", "confidence": 0.7133474349975586, "between": null }, { "property": "/properties/confidence", "dataset": "Overture", "license": "CDLA-Permissive-2.0", "record_id": null, "update_time": "2026-04-07T10:00:15Z", "confidence": null, "between": null } ] }, "geometry": { "type": "Point", "coordinates": [ -87.703763447999989, 41.812321902 ] } },
{ "type": "Feature", "properties": { "id": "df2eff2d-c016-462b-94a5-0f0c1a86d1e3", "version": 8, "names": { "primary": "Amtrak Brighton Park", "common": null, "rules": null }, "categories": { "primary": "park", "alternate": [ "travel", "train_station" ] }, "confidence": 0.74069154262542725, "websites": [ "http://www.amtrak.com/" ], "socials": [ "https://www.facebook.com/193961490632608" ], "emails": null, "phones": null, "brand": { "wikidata": null, "names": { "primary": null, "common": null, "rules": null } }, "addresses": [ { "freeform": "3800 S Sacramento Ave", "locality": "Chicago", "postcode": "60632-2334", "region": "IL", "country": "US" } ], "sources": [ { "property": "", "dataset": "meta", "license": "CDLA-Permissive-2.0", "record_id": "193961490632608", "update_time": "2026-04-06T00:00:00.000Z", "confidence": 0.7406915426254272, "between": null }, { "property": "/properties/confidence", "dataset": "Overture", "license": "CDLA-Permissive-2.0", "record_id": null, "update_time": "2026-04-07T10:00:15Z", "confidence": null, "between": null } ] }, "geometry": { "type": "Point", "coordinates": [ -87.699467085207388, 41.825850557004493 ] } },
{ "type": "Feature", "properties": { "id": "ec0352c8-dc00-43a0-a5b3-142f55aa3a24", "version": 8, "names": { "primary": "Brighton Park", "common": null, "rules": null }, "categories": { "primary": "park", "alternate": [ "playground", "basketball_court" ] }, "confidence": 0.96388573527336119, "websites": [ "http://www.chicagoparkdistrict.com" ], "socials": [ "https://www.facebook.com/144384028916147" ], "emails": null, "phones": [ "+13127476197" ], "brand": { "wikidata": null, "names": { "primary": null, "common": null, "rules": null } }, "addresses": [ { "freeform": "3501 S Richmond St", "locality": "Chicago", "postcode": "60632", "region": "IL", "country": "US" } ], "sources": [ { "property": "", "dataset": "meta", "license": "CDLA-Permissive-2.0", "record_id": "144384028916147", "update_time": "2026-04-06T00:00:00.000Z", "confidence": 0.8429814577102661, "between": null }, { "property": "/properties/confidence", "dataset": "Overture", "license": "CDLA-Permissive-2.0", "record_id": null, "update_time": "2026-04-07T10:00:15Z", "confidence": null, "between": null } ] }, "geometry": { "type": "Point", "coordinates": [ -87.69808517, 41.82947665 ] } },
{ "type": "Feature", "properties": { "id": "90b47be6-16ac-4b96-8d1c-50d832a61141", "version": 8, "names": { "primary": "Chicago Portage", "common": null, "rules": null }, "categories": { "primary": "landmark_and_historical_building", "alternate": [ "structure_and_geography", "monument" ] }, "confidence": 0.41547340154647827, "websites": [ "http://chicagoportage.org/chicagoportage.htm" ], "socials": [ "https://www.facebook.com/135852046445969" ], "emails": null, "phones": null, "brand": { "wikidata": null, "names": { "primary": null, "common": null, "rules": null } }, "addresses": [ { "freeform": "", "locality": "Chicago", "postcode": "60623", "region": "IL", "country": "US" } ], "sources": [ { "property": "", "dataset": "meta", "license": "CDLA-Permissive-2.0", "record_id": "135852046445969", "update_time": "2026-04-06T00:00:00.000Z", "confidence": 0.41547340154647827, "between": null }, { "property": "/properties/confidence", "dataset": "Overture", "license": "CDLA-Permissive-2.0", "record_id": null, "update_time": "2026-04-07T10:00:15Z", "confidence": null, "between": null } ] }, "geometry": { "type": "Point", "coordinates": [ -87.70222883, 41.83722175 ] } },
{ "type": "Feature", "properties": { "id": "792f4e36-c7e2-44c8-9c64-e3bbf0596e7e", "version": 8, "names": { "primary": "Cdot-Bridges", "common": null, "rules": null }, "categories": { "primary": "landmark_and_historical_building", "alternate": [ "bridge" ] }, "confidence": 0.66016018390655518, "websites": null, "socials": [ "https://www.facebook.com/247488689450597" ], "emails": null, "phones": null, "brand": { "wikidata": null, "names": { "primary": null, "common": null, "rules": null } }, "addresses": [ { "freeform": "3125 W 31st St", "locality": "Chicago", "postcode": "60623", "region": "IL", "country": "US" } ], "sources": [ { "property": "", "dataset": "meta", "license": "CDLA-Permissive-2.0", "record_id": "247488689450597", "update_time": "2026-04-06T00:00:00.000Z", "confidence": 0.6601601839065552, "between": null }, { "property": "/properties/confidence", "dataset": "Overture", "license": "CDLA-Permissive-2.0", "record_id": null, "update_time": "2026-04-07T10:00:15Z", "confidence": null, "between": null } ] }, "geometry": { "type": "Point", "coordinates": [ -87.702613, 41.836742 ] } },
{ "type": "Feature", "properties": { "id": "619c95fc-15ef-4507-9c21-e8c4481b882b", "version": 2, "names": { "primary": "Schools Public, Gary Joseph E, Playground", "common": null, "rules": null }, "categories": { "primary": "park", "alternate": [ "education", "school" ] }, "confidence": 0.62026655673980713, "websites": null, "socials": [ "https://www.facebook.com/549768708514963" ], "emails": null, "phones": [ "+17735341748" ], "brand": { "wikidata": null, "names": { "primary": null, "common": null, "rules": null } }, "addresses": [ { "freeform": "3000 S Lawndale Ave", "locality": "Chicago", "postcode": "60623-4524", "region": "IL", "country": "US" } ], "sources": [ { "property": "", "dataset": "meta", "license": "CDLA-Permissive-2.0", "record_id": "549768708514963", "update_time": "2026-04-06T00:00:00.000Z", "confidence": 0.6202665567398071, "between": null }, { "property": "/properties/confidence", "dataset": "Overture", "license": "CDLA-Permissive-2.0", "record_id": null, "update_time": "2026-04-07T10:00:15Z", "confidence": null, "between": null } ] }, "geometry": { "type": "Point", "coordinates": [ -87.71771, 41.83824 ] } },
{ "type": "Feature", "properties": { "id": "96c29650-2757-40df-b908-06eaaf913c28", "version": 7, "names": { "primary": "Piotrowski Park", "common": null, "rules": null }, "categories": { "primary": "park", "alternate": [ "playground", "attractions_and_activities" ] }, "confidence": 0.99117773771286011, "websites": [ "http://chicagoparkdistrict.com/" ], "socials": [ "https://www.facebook.com/482089085326886" ], "emails": null, "phones": [ "+13127476608" ], "brand": { "wikidata": null, "names": { "primary": null, "common": null, "rules": null } }, "addresses": [ { "freeform": "4247 W 31st St", "locality": "Chicago", "postcode": "60623-4800", "region": "IL", "country": "US" } ], "sources": [ { "property": "", "dataset": "meta", "license": "CDLA-Permissive-2.0", "record_id": "482089085326886", "update_time": "2026-04-06T00:00:00.000Z", "confidence": 0.9912286996841431, "between": null }, { "property": "/properties/confidence", "dataset": "Overture", "license": "CDLA-Permissive-2.0", "record_id": null, "update_time": "2026-04-07T10:00:15Z", "confidence": null, "between": null } ] }, "geometry": { "type": "Point", "coordinates": [ -87.73092891, 41.83483809 ] } },
{ "type": "Feature", "properties": { "id": "f45cf7d0-3f36-43c4-9864-7d82dac72350", "version": 7, "names": { "primary": "Mexican American Museum", "common": null, "rules": null }, "categories": { "primary": "art_museum", "alternate": [ "museum", "art_gallery" ] }, "confidence": 0.83956688642501831, "websites": [ "http://www.mexicanamericamuseum.org/" ], "socials": [ "https://www.facebook.com/673260056046406" ], "emails": [ "info@mexicanamericanmuseum.org" ], "phones": [ "+17734921580" ], "brand": { "wikidata": null, "names": { "primary": null, "common": null, "rules": null } }, "addresses": [ { "freeform": "2534 S Pulaski Rd", "locality": "Chicago", "postcode": "60623-3733", "region": "IL", "country": "US" } ], "sources": [ { "property": "", "dataset": "meta", "license": "CDLA-Permissive-2.0", "record_id": "673260056046406", "update_time": "2026-04-06T00:00:00.000Z", "confidence": 0.8395668864250183, "between": null }, { "property": "/properties/confidence", "dataset": "Overture", "license": "CDLA-Permissive-2.0", "record_id": null, "update_time": "2026-04-07T10:00:15Z", "confidence": null, "between": null } ] }, "geometry": { "type": "Point", "coordinates": [ -87.72491, 41.845 ] } },
{ "type": "Feature", "properties": { "id": "acee1a49-29fa-4dc8-9d95-65f1cf59833c", "version": 7, "names": { "primary": "Yollocalli Arts Reach", "common": null, "rules": null }, "categories": { "primary": "art_gallery", "alternate": null }, "confidence": 0.77, "websites": [ "http://www.yollocalli.org" ], "socials": [ "https://www.twitter.com/yollocalli" ], "emails": null, "phones": [ "(773) 521-1621" ], "brand": null, "addresses": [ { "freeform": "2801 S Ridgeway Ave", "locality": "Chicago", "postcode": "60623", "region": "IL", "country": "US" } ], "sources": [ { "property": "", "dataset": "Foursquare", "license": "Apache-2.0", "record_id": "4bd3238dcaff95212315d4f0", "update_time": "2025-08-19T00:00:00.000", "confidence": 0.77, "between": null }, { "property": "/properties/confidence", "dataset": "Overture", "license": "CDLA-Permissive-2.0", "record_id": null, "update_time": "2026-04-07T10:00:15Z", "confidence": null, "between": null } ] }, "geometry": { "type": "Point", "coordinates": [ -87.717987060546875, 41.840328216552734 ] } },
{ "type": "Feature", "properties": { "id": "d8d1340e-a5b4-42a7-ad1d-4542dfd418ca", "version": 1, "names": { "primary": "26Th And Central Park", "common": null, "rules": null }, "categories": { "primary": "park", "alternate": [ "active_life", "eat_and_drink" ] }, "confidence": 0.71638011932373047, "websites": null, "socials": [ "https://www.facebook.com/117938358298287" ], "emails": null, "phones": null, "brand": { "wikidata": null, "names": { "primary": null, "common": null, "rules": null } }, "addresses": [ { "freeform": null, "locality": "Chicago", "postcode": null, "region": "IL", "country": "US" } ], "sources": [ { "property": "", "dataset": "meta", "license": "CDLA-Permissive-2.0", "record_id": "117938358298287", "update_time": "2026-04-06T00:00:00.000Z", "confidence": 0.7163801193237305, "between": null }, { "property": "/properties/confidence", "dataset": "Overture", "license": "CDLA-Permissive-2.0", "record_id": null, "update_time": "2026-04-07T10:00:15Z", "confidence": null, "between": null } ] }, "geometry": { "type": "Point", "coordinates": [ -87.714803092205784, 41.844496110689967 ] } },
{ "type": "Feature", "properties": { "id": "38bddd63-3910-4073-96b2-272c93cb8bc6", "version": 7, "names": { "primary": "John G. Shedd Park", "common": null, "rules": null }, "categories": { "primary": "park", "alternate": null }, "confidence": 0.83442592620849609, "websites": [ "http://www.chicagoparkdistrict.com/parks/Shedd-Park" ], "socials": [ "https://www.facebook.com/2110144589230631" ], "emails": [ "play@chicagoparkdistrict.com" ], "phones": [ "+17737623168" ], "brand": { "wikidata": null, "names": { "primary": null, "common": null, "rules": null } }, "addresses": [ { "freeform": "3660 W 23rd St", "locality": "Chicago", "postcode": "60623-3146", "region": "IL", "country": "US" } ], "sources": [ { "property": "", "dataset": "meta", "license": "CDLA-Permissive-2.0", "record_id": "2110144589230631", "update_time": "2026-04-06T00:00:00.000Z", "confidence": 0.8344259262084961, "between": null }, { "property": "/properties/confidence", "dataset": "Overture", "license": "CDLA-Permissive-2.0", "record_id": null, "update_time": "2026-04-07T10:00:15Z", "confidence": null, "between": null } ] }, "geometry": { "type": "Point", "coordinates": [ -87.71671582, 41.85007873 ] } },
{ "type": "Feature", "properties": { "id": "7ac6c12a-4061-4042-8ace-ff5e1d944579", "version": 6, "names": { "primary": "Roswell B Mason Playground", "common": null, "rules": null }, "categories": { "primary": "park", "alternate": [ "school", "public_school" ] }, "confidence": 0.6253354549407959, "websites": [ "http://www.mason.cps.k12.il.us" ], "socials": [ "https://www.facebook.com/143009265730062" ], "emails": null, "phones": [ "+17735341836" ], "brand": { "wikidata": null, "names": { "primary": null, "common": null, "rules": null } }, "addresses": [ { "freeform": "4216 W 19th St", "locality": "Chicago", "postcode": "60623-2758", "region": "IL", "country": "US" } ], "sources": [ { "property": "", "dataset": "meta", "license": "CDLA-Permissive-2.0", "record_id": "143009265730062", "update_time": "2026-04-06T00:00:00.000Z", "confidence": 0.6253354549407959, "between": null }, { "property": "/properties/confidence", "dataset": "Overture", "license": "CDLA-Permissive-2.0", "record_id": null, "update_time": "2026-04-07T10:00:15Z", "confidence": null, "between": null } ] }, "geometry": { "type": "Point", "coordinates": [ -87.730496879172634, 41.855803832087908 ] } },
{ "type": "Feature", "properties": { "id": "91bebe07-9b28-4df5-826f-a4ac1571e064", "version": 6, "names": { "primary": "Ninebark Park", "common": null, "rules": null }, "categories": { "primary": "park", "alternate": [ "active_life" ] }, "confidence": 0.51816672086715698, "websites": [ "http://www.chicagoparkdistrict.com" ], "socials": [ "https://www.facebook.com/1461209094188758" ], "emails": null, "phones": [ "+13127477676" ], "brand": { "wikidata": null, "names": { "primary": null, "common": null, "rules": null } }, "addresses": [ { "freeform": "1447 S Harding Ave", "locality": "Chicago", "postcode": "60623-1305", "region": "IL", "country": "US" } ], "sources": [ { "property": "", "dataset": "meta", "license": "CDLA-Permissive-2.0", "record_id": "1461209094188758", "update_time": "2026-04-06T00:00:00.000Z", "confidence": 0.518166720867157, "between": null }, { "property": "/properties/confidence", "dataset": "Overture", "license": "CDLA-Permissive-2.0", "record_id": null, "update_time": "2026-04-07T10:00:15Z", "confidence": null, "between": null } ] }, "geometry": { "type": "Point", "coordinates": [ -87.72362169, 41.86109559 ] } },
{ "type": "Feature", "properties": { "id": "b6254d2c-1444-41ad-b043-6cf94b337f53", "version": 6, "names": { "primary": "Violet Park", "common": null, "rules": null }, "categories": { "primary": "park", "alternate": [ "attractions_and_activities" ] }, "confidence": 0.96055823564529419, "websites": [ "http://www.chicagoparkdistrict.com" ], "socials": [ "https://www.facebook.com/527703240612029" ], "emails": null, "phones": [ "+13127465394" ], "brand": { "wikidata": null, "names": { "primary": null, "common": null, "rules": null } }, "addresses": [ { "freeform": "4120 W Taylor St", "locality": "Chicago", "postcode": "60624-3925", "region": "IL", "country": "US" } ], "sources": [ { "property": "", "dataset": "meta", "license": "CDLA-Permissive-2.0", "record_id": "527703240612029", "update_time": "2026-04-06T00:00:00.000Z", "confidence": 0.7886195182800293, "between": null }, { "property": "/properties/confidence", "dataset": "Overture", "license": "CDLA-Permissive-2.0", "record_id": null, "update_time": "2026-04-07T10:00:15Z", "confidence": null, "between": null } ] }, "geometry": { "type": "Point", "coordinates": [ -87.72889013, 41.86922428 ] } },
{ "type": "Feature", "properties": { "id": "2b66f443-9d21-4694-b113-f4c5fbeb92eb", "version": 1, "names": { "primary": "Football Field at Garfield Park", "common": null, "rules": null }, "categories": { "primary": "park", "alternate": [ "stadium_arena", "active_life" ] }, "confidence": 0.94500094652175903, "websites": [ "http://www.chicagoparkdistrict.com/parks/Garfield-Park/" ], "socials": [ "https://www.facebook.com/106630559502898" ], "emails": null, "phones": null, "brand": { "wikidata": null, "names": { "primary": null, "common": null, "rules": null } }, "addresses": [ { "freeform": "222 S Hamlin Blvd", "locality": "Chicago", "postcode": "60624-2985", "region": "IL", "country": "US" } ], "sources": [ { "property": "", "dataset": "meta", "license": "CDLA-Permissive-2.0", "record_id": "106630559502898", "update_time": "2026-04-06T00:00:00.000Z", "confidence": 0.945000946521759, "between": null }, { "property": "/properties/confidence", "dataset": "Overture", "license": "CDLA-Permissive-2.0", "record_id": null, "update_time": "2026-04-07T10:00:15Z", "confidence": null, "between": null } ] }, "geometry": { "type": "Point", "coordinates": [ -87.721075, 41.877468 ] } },
{ "type": "Feature", "properties": { "id": "65c80383-f466-4834-a3fb-132d4fdc5c7f", "version": 1, "names": { "primary": "Sacks Field", "common": null, "rules": null }, "categories": { "primary": "park", "alternate": [ "attractions_and_activities", "stadium_arena" ] }, "confidence": 0.45779907703399658, "websites": null, "socials": [ "https://www.facebook.com/1566156053688924" ], "emails": null, "phones": null, "brand": { "wikidata": null, "names": { "primary": null, "common": null, "rules": null } }, "addresses": [ { "freeform": "3780 W Jackson Blvd", "locality": "Chicago", "postcode": "60624", "region": "IL", "country": "US" } ], "sources": [ { "property": "", "dataset": "meta", "license": "CDLA-Permissive-2.0", "record_id": "1566156053688924", "update_time": "2026-04-06T00:00:00.000Z", "confidence": 0.4577990770339966, "between": null }, { "property": "/properties/confidence", "dataset": "Overture", "license": "CDLA-Permissive-2.0", "record_id": null, "update_time": "2026-04-07T10:00:15Z", "confidence": null, "between": null } ] }, "geometry": { "type": "Point", "coordinates": [ -87.71964, 41.877 ] } },
{ "type": "Feature", "properties": { "id": "62104f0b-287d-4d56-9f67-1fa8d38a9dae", "version": 1, "names": { "primary": "Irene McCoy Gaines", "common": null, "rules": null }, "categories": { "primary": "landmark_and_historical_building", "alternate": [ "accommodation" ] }, "confidence": 0.91871374845504761, "websites": [ "http://eastlakemgmt.com" ], "socials": [ "https://www.facebook.com/1723673281185984" ], "emails": null, "phones": [ "+18723450515" ], "brand": { "wikidata": null, "names": { "primary": null, "common": null, "rules": null } }, "addresses": [ { "freeform": "3700 W Congress Pkwy", "locality": "Chicago", "postcode": "60624", "region": "IL", "country": "US" } ], "sources": [ { "property": "", "dataset": "meta", "license": "CDLA-Permissive-2.0", "record_id": "1723673281185984", "update_time": "2026-04-06T00:00:00.000Z", "confidence": 0.9187137484550476, "between": null }, { "property": "/properties/confidence", "dataset": "Overture", "license": "CDLA-Permissive-2.0", "record_id": null, "update_time": "2026-04-07T10:00:15Z", "confidence": null, "between": null } ] }, "geometry": { "type": "Point", "coordinates": [ -87.71827849, 41.87471886 ] } },
{ "type": "Feature", "properties": { "id": "cfadda6f-a9a9-469a-8ccc-e92c25908942", "version": 5, "names": { "primary": "Garfield Park Bike Polo Courts", "common": null, "rules": null }, "categories": { "primary": "park", "alternate": [ "landmark_and_historical_building", "sports_club_and_league" ] }, "confidence": 0.57728934288024902, "websites": [ "www.chicagoparkdistrict.com/parks/Garfield-Park" ], "socials": [ "https://www.facebook.com/396790187103006" ], "emails": null, "phones": null, "brand": { "wikidata": null, "names": { "primary": null, "common": null, "rules": null } }, "addresses": [ { "freeform": "", "locality": "Chicago", "postcode": "60624", "region": "IL", "country": "US" } ], "sources": [ { "property": "", "dataset": "meta", "license": "CDLA-Permissive-2.0", "record_id": "396790187103006", "update_time": "2026-04-06T00:00:00.000Z", "confidence": 0.577289342880249, "between": null }, { "property": "/properties/confidence", "dataset": "Overture", "license": "CDLA-Permissive-2.0", "record_id": null, "update_time": "2026-04-07T10:00:15Z", "confidence": null, "between": null } ] }, "geometry": { "type": "Point", "coordinates": [ -87.716316, 41.877876 ] } },
{ "type": "Feature", "properties": { "id": "a99c9962-1721-4791-8187-dc5e3833705f", "version": 7, "names": { "primary": "Boler Park", "common": null, "rules": null }, "categories": { "primary": "park", "alternate": [ "attractions_and_activities", "topic_concert_venue" ] }, "confidence": 0.94694489240646362, "websites": [ "http://www.chicagoparkdistrict.com" ], "socials": [ "https://www.facebook.com/557194637760876" ], "emails": null, "phones": [ "+13127466650" ], "brand": { "wikidata": null, "names": { "primary": null, "common": null, "rules": null } }, "addresses": [ { "freeform": "3601 W Arthington St", "locality": "Chicago", "postcode": "60624-4141", "region": "IL", "country": "US" } ], "sources": [ { "property": "", "dataset": "meta", "license": "CDLA-Permissive-2.0", "record_id": "557194637760876", "update_time": "2026-04-06T00:00:00.000Z", "confidence": 0.8718217015266418, "between": null }, { "property": "/properties/confidence", "dataset": "Overture", "license": "CDLA-Permissive-2.0", "record_id": null, "update_time": "2026-04-07T10:00:15Z", "confidence": null, "between": null } ] }, "geometry": { "type": "Point", "coordinates": [ -87.71709231, 41.86990305 ] } },
{ "type": "Feature", "properties": { "id": "7ab33474-c9f9-4ef3-b118-88a89e0d46c9", "version": 3, "names": { "primary": "Boler (Leo Roscoe, Sr.) Park", "common": null, "rules": null }, "categories": { "primary": "park", "alternate": null }, "confidence": 0.77, "websites": [ "http://chicagoparkdistrict.com" ], "socials": null, "emails": null, "phones": [ "(312) 746-6650" ], "brand": null, "addresses": [ { "freeform": "3601 W Arthington St", "locality": "Chicago", "postcode": "60624", "region": "IL", "country": "US" } ], "sources": [ { "property": "", "dataset": "Foursquare", "license": "Apache-2.0", "record_id": "4e987f01754aa88d79c143ab", "update_time": "2025-06-01T00:00:00.000", "confidence": 0.77, "between": null }, { "property": "/properties/confidence", "dataset": "Overture", "license": "CDLA-Permissive-2.0", "record_id": null, "update_time": "2026-04-07T10:00:15Z", "confidence": null, "between": null } ] }, "geometry": { "type": "Point", "coordinates": [ -87.716777509647414, 41.869495012055751 ] } },
{ "type": "Feature", "properties": { "id": "c7214ea6-db01-4122-ac9d-e8a7ef40d330", "version": 6, "names": { "primary": "Central Park Avr.", "common": null, "rules": null }, "categories": { "primary": "park", "alternate": [ "arts_and_entertainment", "museum" ] }, "confidence": 0.71957457065582275, "websites": null, "socials": [ "https://www.facebook.com/240405746071517" ], "emails": null, "phones": null, "brand": { "wikidata": null, "names": { "primary": null, "common": null, "rules": null } }, "addresses": [ { "freeform": "3535 W Roosevelt Rd", "locality": "Chicago", "postcode": "60624-4304", "region": "IL", "country": "US" } ], "sources": [ { "property": "", "dataset": "meta", "license": "CDLA-Permissive-2.0", "record_id": "240405746071517", "update_time": "2026-04-06T00:00:00.000Z", "confidence": 0.7195745706558228, "between": null }, { "property": "/properties/confidence", "dataset": "Overture", "license": "CDLA-Permissive-2.0", "record_id": null, "update_time": "2026-04-07T10:00:15Z", "confidence": null, "between": null } ] }, "geometry": { "type": "Point", "coordinates": [ -87.71538439, 41.86842158 ] } },
{ "type": "Feature", "properties": { "id": "1a304f21-17fb-485c-ab6e-9841ee9bc494", "version": 1, "names": { "primary": "Millard (Alden) Park", "common": null, "rules": null }, "categories": { "primary": "park", "alternate": null }, "confidence": 0.77, "websites": [ "http://chicagoparkdistrict.com" ], "socials": [ "https://www.twitter.com/chicagoparks", "https://www.facebook.com/142623725768514" ], "emails": null, "phones": [ "(773) 762-3168" ], "brand": null, "addresses": [ { "freeform": "1331 S Millard Ave", "locality": "Chicago", "postcode": "60623", "region": "IL", "country": "US" } ], "sources": [ { "property": "", "dataset": "Foursquare", "license": "Apache-2.0", "record_id": "4f6b838d7bebf48a25686d8e", "update_time": "2025-10-31T00:00:00.000", "confidence": 0.77, "between": null }, { "property": "/properties/confidence", "dataset": "Overture", "license": "CDLA-Permissive-2.0", "record_id": null, "update_time": "2026-04-07T10:00:15Z", "confidence": null, "between": null } ] }, "geometry": { "type": "Point", "coordinates": [ -87.716322662207816, 41.863482197548961 ] } },
{ "type": "Feature", "properties": { "id": "fd58ebfd-5e31-43da-a39e-065d11033a70", "version": 6, "names": { "primary": "Roosevelt Independence", "common": null, "rules": null }, "categories": { "primary": "landmark_and_historical_building", "alternate": [ "accommodation", "real_estate" ] }, "confidence": 0.86098384857177734, "websites": [ "https://www.esc17.net" ], "socials": [ "https://www.facebook.com/166253623390770" ], "emails": null, "phones": [ "+17738262903" ], "brand": { "wikidata": null, "names": { "primary": null, "common": null, "rules": null } }, "addresses": [ { "freeform": "1135 S Independence Blvd", "locality": "Chicago", "postcode": "60624-4378", "region": "IL", "country": "US" } ], "sources": [ { "property": "", "dataset": "meta", "license": "CDLA-Permissive-2.0", "record_id": "166253623390770", "update_time": "2026-04-06T00:00:00.000Z", "confidence": 0.8609838485717773, "between": null }, { "property": "/properties/confidence", "dataset": "Overture", "license": "CDLA-Permissive-2.0", "record_id": null, "update_time": "2026-04-07T10:00:15Z", "confidence": null, "between": null } ] }, "geometry": { "type": "Point", "coordinates": [ -87.71921554, 41.86546543 ] } },
{ "type": "Feature", "properties": { "id": "363b719f-7d68-401d-93e4-424909e3e1ad", "version": 8, "names": { "primary": "Independence Square", "common": null, "rules": null }, "categories": { "primary": "park", "alternate": [ "landmark_and_historical_building", "japanese_restaurant" ] }, "confidence": 0.56036627292633057, "websites": [ "https://independence-chicago.com/" ], "socials": [ "https://www.facebook.com/133279910048349" ], "emails": null, "phones": null, "brand": { "wikidata": null, "names": { "primary": null, "common": null, "rules": null } }, "addresses": [ { "freeform": "S Independence Blvd", "locality": "Chicago", "postcode": "60623", "region": "IL", "country": "US" } ], "sources": [ { "property": "", "dataset": "meta", "license": "CDLA-Permissive-2.0", "record_id": "133279910048349", "update_time": "2026-04-06T00:00:00.000Z", "confidence": 0.5603662729263306, "between": null }, { "property": "/properties/confidence", "dataset": "Overture", "license": "CDLA-Permissive-2.0", "record_id": null, "update_time": "2026-04-07T10:00:15Z", "confidence": null, "between": null } ] }, "geometry": { "type": "Point", "coordinates": [ -87.719482378038634, 41.863687863699305 ] } },
{ "type": "Feature", "properties": { "id": "240a516f-cfc4-4b0a-916c-774cd1792005", "version": 8, "names": { "primary": "Hornbeam Park", "common": null, "rules": null }, "categories": { "primary": "park", "alternate": [ "attractions_and_activities", "event_planning" ] }, "confidence": 0.94694489240646362, "websites": [ "http://www.chicagoparkdistrict.com" ], "socials": [ "https://www.facebook.com/1487125428273443" ], "emails": null, "phones": [ "+13127477676" ], "brand": { "wikidata": null, "names": { "primary": null, "common": null, "rules": null } }, "addresses": [ { "freeform": "1416 S Hamlin Ave", "locality": "Chicago", "postcode": "60623-2059", "region": "IL", "country": "US" } ], "sources": [ { "property": "", "dataset": "meta", "license": "CDLA-Permissive-2.0", "record_id": "1487125428273443", "update_time": "2026-04-06T00:00:00.000Z", "confidence": 0.6140991449356079, "between": null }, { "property": "/properties/confidence", "dataset": "Overture", "license": "CDLA-Permissive-2.0", "record_id": null, "update_time": "2026-04-07T10:00:15Z", "confidence": null, "between": null } ] }, "geometry": { "type": "Point", "coordinates": [ -87.72035828, 41.86190987 ] } },
{ "type": "Feature", "properties": { "id": "dc4ce7e7-f657-4d6f-91f9-42d3b66bffc5", "version": 1, "names": { "primary": "Dr King Legacy Apartments", "common": null, "rules": null }, "categories": { "primary": "landmark_and_historical_building", "alternate": [ "dentist", "family_practice" ] }, "confidence": 0.74709337949752808, "websites": null, "socials": [ "https://www.facebook.com/219987854726994" ], "emails": null, "phones": [ "+17735219485" ], "brand": { "wikidata": null, "names": { "primary": null, "common": null, "rules": null } }, "addresses": [ { "freeform": "1558 S Hamlin Ave", "locality": "Chicago", "postcode": "60623-2066", "region": "IL", "country": "US" } ], "sources": [ { "property": "", "dataset": "meta", "license": "CDLA-Permissive-2.0", "record_id": "219987854726994", "update_time": "2026-04-06T00:00:00.000Z", "confidence": 0.7470933794975281, "between": null }, { "property": "/properties/confidence", "dataset": "Overture", "license": "CDLA-Permissive-2.0", "record_id": null, "update_time": "2026-04-07T10:00:15Z", "confidence": null, "between": null } ] }, "geometry": { "type": "Point", "coordinates": [ -87.720436, 41.859077 ] } },
{ "type": "Feature", "properties": { "id": "57f8eab0-8651-4d82-a003-f57c228d0956", "version": 7, "names": { "primary": "Lawndale Pop-Up Spot", "common": null, "rules": null }, "categories": { "primary": "museum", "alternate": [ "community_services_non_profits", "art_museum" ] }, "confidence": 0.92731159925460815, "websites": [ "http://www.lawndalepopupspot.org/" ], "socials": [ "https://www.facebook.com/238194069974258" ], "emails": [ "lawndalepopupspot@gmail.com" ], "phones": [ "+13124202558" ], "brand": { "wikidata": null, "names": { "primary": null, "common": null, "rules": null } }, "addresses": [ { "freeform": "3601 W Douglas Blvd", "locality": "Chicago", "postcode": "60623", "region": "IL", "country": "US" } ], "sources": [ { "property": "", "dataset": "meta", "license": "CDLA-Permissive-2.0", "record_id": "238194069974258", "update_time": "2026-04-06T00:00:00.000Z", "confidence": 0.9273115992546082, "between": null }, { "property": "/properties/confidence", "dataset": "Overture", "license": "CDLA-Permissive-2.0", "record_id": null, "update_time": "2026-04-07T10:00:15Z", "confidence": null, "between": null } ] }, "geometry": { "type": "Point", "coordinates": [ -87.71555097, 41.86221235 ] } },
{ "type": "Feature", "properties": { "id": "3904a7eb-5a41-4211-a12e-e68e1f194481", "version": 6, "names": { "primary": "Christiana Park", "common": null, "rules": null }, "categories": { "primary": "park", "alternate": [ "playground", "basketball_court" ] }, "confidence": 0.94694489240646362, "websites": [ "http://www.chicagoparkdistrict.com" ], "socials": [ "https://www.facebook.com/755547614634924" ], "emails": null, "phones": [ "+13127476992" ], "brand": { "wikidata": null, "names": { "primary": null, "common": null, "rules": null } }, "addresses": [ { "freeform": "1533 S Christiana Ave", "locality": "Chicago", "postcode": "60623-2132", "region": "IL", "country": "US" } ], "sources": [ { "property": "", "dataset": "meta", "license": "CDLA-Permissive-2.0", "record_id": "755547614634924", "update_time": "2026-04-06T00:00:00.000Z", "confidence": 0.9135807156562805, "between": null }, { "property": "/properties/confidence", "dataset": "Overture", "license": "CDLA-Permissive-2.0", "record_id": null, "update_time": "2026-04-07T10:00:15Z", "confidence": null, "between": null } ] }, "geometry": { "type": "Point", "coordinates": [ -87.70893612, 41.85983885 ] } },
{ "type": "Feature", "properties": { "id": "0bae1f25-f83f-403b-bc02-c7c9eb009458", "version": 6, "names": { "primary": "Roosevelt Tower", "common": null, "rules": null }, "categories": { "primary": "landmark_and_historical_building", "alternate": [ "senior_citizen_services", "accommodation" ] }, "confidence": 0.90662246942520142, "websites": null, "socials": [ "https://www.facebook.com/383313128355255" ], "emails": null, "phones": [ "+17732656962" ], "brand": { "wikidata": null, "names": { "primary": null, "common": null, "rules": null } }, "addresses": [ { "freeform": "3440 W Roosevelt Rd", "locality": "Chicago", "postcode": "60624-4354", "region": "IL", "country": "US" } ], "sources": [ { "property": "", "dataset": "meta", "license": "CDLA-Permissive-2.0", "record_id": "383313128355255", "update_time": "2026-04-06T00:00:00.000Z", "confidence": 0.9066224694252014, "between": null }, { "property": "/properties/confidence", "dataset": "Overture", "license": "CDLA-Permissive-2.0", "record_id": null, "update_time": "2026-04-07T10:00:15Z", "confidence": null, "between": null } ] }, "geometry": { "type": "Point", "coordinates": [ -87.71248402, 41.86645281 ] } },
{ "type": "Feature", "properties": { "id": "9e72bdbd-13d7-4307-9f28-6b3c3bc925f8", "version": 3, "names": { "primary": "Homan Square Park", "common": null, "rules": null }, "categories": { "primary": "park", "alternate": null }, "confidence": 0.77, "websites": null, "socials": [ "https://www.twitter.com/chicagoparks" ], "emails": null, "phones": [ "(312) 746-6650" ], "brand": null, "addresses": [ { "freeform": "3559 W Arthington St", "locality": "Chicago", "postcode": "60624", "region": "IL", "country": "US" } ], "sources": [ { "property": "", "dataset": "Foursquare", "license": "Apache-2.0", "record_id": "4e9dc4bef9f494d561c6c2be", "update_time": "2025-12-01T00:00:00.000", "confidence": 0.77, "between": null }, { "property": "/properties/confidence", "dataset": "Overture", "license": "CDLA-Permissive-2.0", "record_id": null, "update_time": "2026-04-07T10:00:15Z", "confidence": null, "between": null } ] }, "geometry": { "type": "Point", "coordinates": [ -87.71433419062393, 41.869356415010671 ] } },
{ "type": "Feature", "properties": { "id": "465e1aae-0328-4988-9968-6f04416f1293", "version": 7, "names": { "primary": "Harrison Courts", "common": null, "rules": null }, "categories": { "primary": "landmark_and_historical_building", "alternate": [ "accommodation", "real_estate" ] }, "confidence": 0.76835769414901733, "websites": [ "http://www.eastlakemgmt.com/" ], "socials": [ "https://www.facebook.com/168312026514926" ], "emails": [ "emidesign@shaw.ca" ], "phones": [ "+17738935219" ], "brand": { "wikidata": null, "names": { "primary": null, "common": null, "rules": null } }, "addresses": [ { "freeform": "2910 W Harrison St", "locality": "Chicago", "postcode": "60612-3359", "region": "IL", "country": "US" } ], "sources": [ { "property": "", "dataset": "meta", "license": "CDLA-Permissive-2.0", "record_id": "168312026514926", "update_time": "2026-04-06T00:00:00.000Z", "confidence": 0.7683576941490173, "between": null }, { "property": "/properties/confidence", "dataset": "Overture", "license": "CDLA-Permissive-2.0", "record_id": null, "update_time": "2026-04-07T10:00:15Z", "confidence": null, "between": null } ] }, "geometry": { "type": "Point", "coordinates": [ -87.70047523, 41.87397322 ] } },
{ "type": "Feature", "properties": { "id": "51bc1c13-d4b5-42d2-b0f3-6a08f80f7c56", "version": 6, "names": { "primary": "Chicago Park District", "common": null, "rules": null }, "categories": { "primary": "park", "alternate": [ "active_life", "public_service_and_government" ] }, "confidence": 0.55022764205932617, "websites": null, "socials": [ "https://www.facebook.com/121680397890170" ], "emails": null, "phones": [ "+17737622842" ], "brand": { "wikidata": null, "names": { "primary": null, "common": null, "rules": null } }, "addresses": [ { "freeform": "1401 S Sacramento Dr", "locality": "Chicago", "postcode": "60623", "region": "IL", "country": "US" } ], "sources": [ { "property": "", "dataset": "meta", "license": "CDLA-Permissive-2.0", "record_id": "121680397890170", "update_time": "2026-04-06T00:00:00.000Z", "confidence": 0.5502276420593262, "between": null }, { "property": "/properties/confidence", "dataset": "Overture", "license": "CDLA-Permissive-2.0", "record_id": null, "update_time": "2026-04-07T10:00:15Z", "confidence": null, "between": null } ] }, "geometry": { "type": "Point", "coordinates": [ -87.700422, 41.863591 ] } },
{ "type": "Feature", "properties": { "id": "4afe0f5a-4fa8-4e83-9a39-b8fc4a623d51", "version": 6, "names": { "primary": "Lawndale Terrace", "common": null, "rules": null }, "categories": { "primary": "landmark_and_historical_building", "alternate": [ "real_estate_agent", "real_estate" ] }, "confidence": 0.98391945481300358, "websites": [ "http://www.habitat.com" ], "socials": [ "https://www.facebook.com/105044769561234" ], "emails": null, "phones": [ "+17738262133" ], "brand": { "wikidata": null, "names": { "primary": null, "common": null, "rules": null } }, "addresses": [ { "freeform": "3158 W Roosevelt Rd", "locality": "Chicago", "postcode": "60612-0159", "region": "IL", "country": "US" } ], "sources": [ { "property": "", "dataset": "meta", "license": "CDLA-Permissive-2.0", "record_id": "105044769561234", "update_time": "2026-04-06T00:00:00.000Z", "confidence": 0.9300845861434937, "between": null }, { "property": "/properties/confidence", "dataset": "Overture", "license": "CDLA-Permissive-2.0", "record_id": null, "update_time": "2026-04-07T10:00:15Z", "confidence": null, "between": null } ] }, "geometry": { "type": "Point", "coordinates": [ -87.70540993, 41.86671176 ] } },
{ "type": "Feature", "properties": { "id": "6c912bc6-80cb-4bec-af3b-49945b1690bc", "version": 1, "names": { "primary": "Ann & Fredrick Douglass Cultural Center & Fieldhouse", "common": null, "rules": null }, "categories": { "primary": "park", "alternate": null }, "confidence": 0.48840433359146118, "websites": null, "socials": [ "https://www.facebook.com/253093404560989" ], "emails": null, "phones": null, "brand": { "wikidata": null, "names": { "primary": null, "common": null, "rules": null } }, "addresses": [ { "freeform": "1401 S Sacramento Blvd", "locality": "Chicago", "postcode": "60624", "region": "IL", "country": "US" } ], "sources": [ { "property": "", "dataset": "meta", "license": "CDLA-Permissive-2.0", "record_id": "253093404560989", "update_time": "2026-04-06T00:00:00.000Z", "confidence": 0.4884043335914612, "between": null }, { "property": "/properties/confidence", "dataset": "Overture", "license": "CDLA-Permissive-2.0", "record_id": null, "update_time": "2026-04-07T10:00:15Z", "confidence": null, "between": null } ] }, "geometry": { "type": "Point", "coordinates": [ -87.70177, 41.862371507159999 ] } },
{ "type": "Feature", "properties": { "id": "bf1a177c-e39f-4e5c-890f-82c2098ba8ae", "version": 8, "names": { "primary": "GMO Properties LLC", "common": null, "rules": null }, "categories": { "primary": "landmark_and_historical_building", "alternate": [ "real_estate" ] }, "confidence": 0.38237741589546204, "websites": [ "https://gmo.managebuilding.com/Resident/public/home" ], "socials": [ "https://www.facebook.com/102316838769029" ], "emails": [ "office@gmoproperties.com" ], "phones": [ "+17736156595" ], "brand": { "wikidata": null, "names": { "primary": null, "common": null, "rules": null } }, "addresses": [ { "freeform": "1429 S Kedzie Ave", "locality": "Chicago", "postcode": "60623-2110", "region": "IL", "country": "US" } ], "sources": [ { "property": "", "dataset": "meta", "license": "CDLA-Permissive-2.0", "record_id": "102316838769029", "update_time": "2026-04-06T00:00:00.000Z", "confidence": 0.38237741589546204, "between": null }, { "property": "/properties/confidence", "dataset": "Overture", "license": "CDLA-Permissive-2.0", "record_id": null, "update_time": "2026-04-07T10:00:15Z", "confidence": null, "between": null } ] }, "geometry": { "type": "Point", "coordinates": [ -87.70538483, 41.86158772 ] } },
{ "type": "Feature", "properties": { "id": "57142988-e09c-46a6-90c7-6998fa0320b1", "version": 8, "names": { "primary": "Douglass Park", "common": null, "rules": null }, "categories": { "primary": "park", "alternate": [ "golf_course", "sports_and_recreation_venue" ] }, "confidence": 0.98734223902225493, "websites": [ "https://www.chicagoparkdistrict.com/parks-facilities/douglass-anna-frederick-park" ], "socials": [ "https://www.facebook.com/1010866398978848" ], "emails": [ "douglasparkac@gmail.com" ], "phones": [ "+17737622842" ], "brand": { "wikidata": null, "names": { "primary": null, "common": null, "rules": null } }, "addresses": [ { "freeform": "1401 S Sacramento Dr", "locality": "Chicago", "postcode": "60623", "region": "IL", "country": "US" } ], "sources": [ { "property": "", "dataset": "meta", "license": "CDLA-Permissive-2.0", "record_id": "1010866398978848", "update_time": "2026-04-06T00:00:00.000Z", "confidence": 0.9449662566184998, "between": null }, { "property": "/properties/confidence", "dataset": "Overture", "license": "CDLA-Permissive-2.0", "record_id": null, "update_time": "2026-04-07T10:00:15Z", "confidence": null, "between": null } ] }, "geometry": { "type": "Point", "coordinates": [ -87.69948954, 41.86226023 ] } },
{ "type": "Feature", "properties": { "id": "49ed3605-1250-47d3-9b64-5dffa4750d61", "version": 1, "names": { "primary": "Douglass Park Natural Area", "common": null, "rules": null }, "categories": { "primary": "park", "alternate": [ "nature_reserve" ] }, "confidence": 0.30459380149841309, "websites": null, "socials": [ "https://www.facebook.com/1459150484319078" ], "emails": [ "douglasparkac@gmail.com" ], "phones": [ "+17737622842" ], "brand": { "wikidata": null, "names": { "primary": null, "common": null, "rules": null } }, "addresses": [ { "freeform": "1401 S Sacramento Dr", "locality": "Chicago", "postcode": "60623", "region": "IL", "country": "US" } ], "sources": [ { "property": "", "dataset": "meta", "license": "CDLA-Permissive-2.0", "record_id": "1459150484319078", "update_time": "2026-04-06T00:00:00.000Z", "confidence": 0.3045938014984131, "between": null }, { "property": "/properties/confidence", "dataset": "Overture", "license": "CDLA-Permissive-2.0", "record_id": null, "update_time": "2026-04-07T10:00:15Z", "confidence": null, "between": null } ] }, "geometry": { "type": "Point", "coordinates": [ -87.69817797, 41.86252467 ] } },
{ "type": "Feature", "properties": { "id": "6252d6e2-9de2-4037-80ff-f377db78be24", "version": 3, "names": { "primary": "Douglass Park", "common": null, "rules": null }, "categories": { "primary": "park", "alternate": null }, "confidence": 0.77, "websites": [ "http://chicagoparkdistrict.com" ], "socials": [ "https://www.facebook.com/130988940339424" ], "emails": [ "info@chicagoparkdistrict.com" ], "phones": [ "(773) 762-2842" ], "brand": null, "addresses": [ { "freeform": "1401 S Sacramento Dr", "locality": "Chicago", "postcode": "60623", "region": "IL", "country": "US" } ], "sources": [ { "property": "", "dataset": "Foursquare", "license": "Apache-2.0", "record_id": "4bcb94d90687ef3b6212decc", "update_time": "2026-03-12T00:00:00.000", "confidence": 0.77, "between": null }, { "property": "/properties/confidence", "dataset": "Overture", "license": "CDLA-Permissive-2.0", "record_id": null, "update_time": "2026-04-07T10:00:15Z", "confidence": null, "between": null } ] }, "geometry": { "type": "Point", "coordinates": [ -87.699179649353027, 41.860428288296319 ] } },
{ "type": "Feature", "properties": { "id": "9f53dab5-affb-4ceb-8dcb-51248f5d56fb", "version": 3, "names": { "primary": "Douglass Park", "common": null, "rules": null }, "categories": { "primary": "park", "alternate": [ "active_life", "attractions_and_activities" ] }, "confidence": 0.5482831597328186, "websites": [ "www.chicagoparkdistrict.com/parks/douglas-park" ], "socials": [ "https://www.facebook.com/443448329021404" ], "emails": null, "phones": [ "+17737622842" ], "brand": { "wikidata": null, "names": { "primary": null, "common": null, "rules": null } }, "addresses": [ { "freeform": "1401 S Sacramento Dr", "locality": "Chicago", "postcode": "60623", "region": "IL", "country": "US" } ], "sources": [ { "property": "", "dataset": "meta", "license": "CDLA-Permissive-2.0", "record_id": "443448329021404", "update_time": "2026-04-06T00:00:00.000Z", "confidence": 0.5482831597328186, "between": null }, { "property": "/properties/confidence", "dataset": "Overture", "license": "CDLA-Permissive-2.0", "record_id": null, "update_time": "2026-04-07T10:00:15Z", "confidence": null, "between": null } ] }, "geometry": { "type": "Point", "coordinates": [ -87.69836487, 41.85773574 ] } },
{ "type": "Feature", "properties": { "id": "fa5d8dc1-2705-4365-b479-9a182c37d65a", "version": 8, "names": { "primary": "Artesanias Daisy", "common": null, "rules": null }, "categories": { "primary": "art_gallery", "alternate": [ "arts_and_entertainment", "sewing_and_alterations" ] }, "confidence": 0.92961788177490234, "websites": null, "socials": [ "https://www.facebook.com/408499126174548" ], "emails": null, "phones": [ "+17735878741" ], "brand": { "wikidata": null, "names": { "primary": null, "common": null, "rules": null } }, "addresses": [ { "freeform": "2876 W Cermak Rd", "locality": "Chicago", "postcode": "60623-3512", "region": "IL", "country": "US" } ], "sources": [ { "property": "", "dataset": "meta", "license": "CDLA-Permissive-2.0", "record_id": "408499126174548", "update_time": "2026-04-06T00:00:00.000Z", "confidence": 0.9296178817749023, "between": null }, { "property": "/properties/confidence", "dataset": "Overture", "license": "CDLA-Permissive-2.0", "record_id": null, "update_time": "2026-04-07T10:00:15Z", "confidence": null, "between": null } ] }, "geometry": { "type": "Point", "coordinates": [ -87.698402, 41.852059 ] } },
{ "type": "Feature", "properties": { "id": "36f3cc8c-ef1d-45e1-b6d4-21624bd3e0d1", "version": 1, "names": { "primary": "Marshall Bvd", "common": null, "rules": null }, "categories": { "primary": "park", "alternate": [ "public_plaza", "eat_and_drink" ] }, "confidence": 0.85145509243011475, "websites": null, "socials": [ "https://www.facebook.com/156593721475091" ], "emails": null, "phones": null, "brand": { "wikidata": null, "names": { "primary": null, "common": null, "rules": null } }, "addresses": [ { "freeform": "", "locality": "Chicago", "postcode": "60623", "region": "IL", "country": "US" } ], "sources": [ { "property": "", "dataset": "meta", "license": "CDLA-Permissive-2.0", "record_id": "156593721475091", "update_time": "2026-04-06T00:00:00.000Z", "confidence": 0.8514550924301147, "between": null }, { "property": "/properties/confidence", "dataset": "Overture", "license": "CDLA-Permissive-2.0", "record_id": null, "update_time": "2026-04-07T10:00:15Z", "confidence": null, "between": null } ] }, "geometry": { "type": "Point", "coordinates": [ -87.69909786, 41.85045835 ] } },
{ "type": "Feature", "properties": { "id": "470b50dd-dd60-442a-a33a-004887fdc7f0", "version": 8, "names": { "primary": "Albany Terrace", "common": null, "rules": null }, "categories": { "primary": "landmark_and_historical_building", "alternate": [ "accommodation" ] }, "confidence": 0.97046059370040894, "websites": [ "http://www.thecha.org" ], "socials": [ "https://www.facebook.com/165014323524178" ], "emails": null, "phones": [ "+13129137391" ], "brand": { "wikidata": null, "names": { "primary": null, "common": null, "rules": null } }, "addresses": [ { "freeform": "3030 W 21st Pl", "locality": "Chicago", "postcode": "60623", "region": "IL", "country": "US" } ], "sources": [ { "property": "", "dataset": "meta", "license": "CDLA-Permissive-2.0", "record_id": "165014323524178", "update_time": "2026-04-06T00:00:00.000Z", "confidence": 0.9704605937004089, "between": null }, { "property": "/properties/confidence", "dataset": "Overture", "license": "CDLA-Permissive-2.0", "record_id": null, "update_time": "2026-04-07T10:00:15Z", "confidence": null, "between": null } ] }, "geometry": { "type": "Point", "coordinates": [ -87.70141097, 41.8530382 ] } },
{ "type": "Feature", "properties": { "id": "e5b3d3cf-dbbe-490f-80de-bcf89377eadb", "version": 8, "names": { "primary": "Montrose Beach", "common": null, "rules": null }, "categories": { "primary": "park", "alternate": [ "beach", "attractions_and_activities" ] }, "confidence": 0.88356524705886841, "websites": null, "socials": [ "https://www.facebook.com/192195487901896" ], "emails": null, "phones": null, "brand": { "wikidata": null, "names": { "primary": null, "common": null, "rules": null } }, "addresses": [ { "freeform": "Montrose Beach", "locality": "Chicago", "postcode": "60623", "region": "IL", "country": "US" } ], "sources": [ { "property": "", "dataset": "meta", "license": "CDLA-Permissive-2.0", "record_id": "192195487901896", "update_time": "2026-04-06T00:00:00.000Z", "confidence": 0.8835652470588684, "between": null }, { "property": "/properties/confidence", "dataset": "Overture", "license": "CDLA-Permissive-2.0", "record_id": null, "update_time": "2026-04-07T10:00:15Z", "confidence": null, "between": null } ] }, "geometry": { "type": "Point", "coordinates": [ -87.703493, 41.851613 ] } },
{ "type": "Feature", "properties": { "id": "5217c0ba-3d12-4550-b494-82dbadb99228", "version": 7, "names": { "primary": "Park Number 519", "common": null, "rules": null }, "categories": { "primary": "park", "alternate": [ "sports_and_recreation_venue", "attractions_and_activities" ] }, "confidence": 0.53962206840515137, "websites": [ "http://www.chicagoparkdistrict.com" ], "socials": [ "https://www.facebook.com/901580559891457" ], "emails": null, "phones": [ "+17737622842" ], "brand": { "wikidata": null, "names": { "primary": null, "common": null, "rules": null } }, "addresses": [ { "freeform": "1944 S St Louis Ave", "locality": "Chicago", "postcode": "60623-3119", "region": "IL", "country": "US" } ], "sources": [ { "property": "", "dataset": "meta", "license": "CDLA-Permissive-2.0", "record_id": "901580559891457", "update_time": "2026-04-06T00:00:00.000Z", "confidence": 0.5396220684051514, "between": null }, { "property": "/properties/confidence", "dataset": "Overture", "license": "CDLA-Permissive-2.0", "record_id": null, "update_time": "2026-04-07T10:00:15Z", "confidence": null, "between": null } ] }, "geometry": { "type": "Point", "coordinates": [ -87.71256828, 41.85393677 ] } },
{ "type": "Feature", "properties": { "id": "6509109c-0e1d-4430-9c63-f9155be5c2c7", "version": 6, "names": { "primary": "Gallagher House", "common": null, "rules": null }, "categories": { "primary": "landmark_and_historical_building", "alternate": [ "real_estate" ] }, "confidence": 0.96427512168884277, "websites": [ "http://www.sho.com/shameless" ], "socials": [ "https://www.facebook.com/1785025891798105" ], "emails": null, "phones": null, "brand": { "wikidata": null, "names": { "primary": null, "common": null, "rules": null } }, "addresses": [ { "freeform": "2119 S Homan Ave", "locality": "Chicago", "postcode": "60623-3225", "region": "IL", "country": "US" } ], "sources": [ { "property": "", "dataset": "meta", "license": "CDLA-Permissive-2.0", "record_id": "1785025891798105", "update_time": "2026-04-06T00:00:00.000Z", "confidence": 0.9642751216888428, "between": null }, { "property": "/properties/confidence", "dataset": "Overture", "license": "CDLA-Permissive-2.0", "record_id": null, "update_time": "2026-04-07T10:00:15Z", "confidence": null, "between": null } ] }, "geometry": { "type": "Point", "coordinates": [ -87.70986861, 41.85295 ] } },
{ "type": "Feature", "properties": { "id": "b22dfd67-4aa9-434c-9bd9-740af0293a18", "version": 8, "names": { "primary": "Homan Park", "common": null, "rules": null }, "categories": { "primary": "park", "alternate": [ "attractions_and_activities", "transportation" ] }, "confidence": 0.96055823564529419, "websites": [ "http://www.chicagoparkdistrict.com" ], "socials": [ "https://www.facebook.com/1704361469808986" ], "emails": null, "phones": [ "+17737623168" ], "brand": { "wikidata": null, "names": { "primary": null, "common": null, "rules": null } }, "addresses": [ { "freeform": "2140 S Homan Ave", "locality": "Chicago", "postcode": "60623-3224", "region": "IL", "country": "US" } ], "sources": [ { "property": "", "dataset": "meta", "license": "CDLA-Permissive-2.0", "record_id": "1704361469808986", "update_time": "2026-04-06T00:00:00.000Z", "confidence": 0.6933398842811584, "between": null }, { "property": "/properties/confidence", "dataset": "Overture", "license": "CDLA-Permissive-2.0", "record_id": null, "update_time": "2026-04-07T10:00:15Z", "confidence": null, "between": null } ] }, "geometry": { "type": "Point", "coordinates": [ -87.709996342813753, 41.853026308333881 ] } },
{ "type": "Feature", "properties": { "id": "3d0d3783-dc95-4347-b626-69bd9d74381b", "version": 4, "names": { "primary": "Limas (Juliann Hope)", "common": null, "rules": null }, "categories": { "primary": "park", "alternate": [ "attractions_and_activities", "landmark_and_historical_building" ] }, "confidence": 0.99101480245590212, "websites": [ "www.chicagoparkdistrict.com" ], "socials": [ "https://www.facebook.com/861361083877373" ], "emails": null, "phones": [ "+131274275297529" ], "brand": { "wikidata": null, "names": { "primary": null, "common": null, "rules": null } }, "addresses": [ { "freeform": "2410 S Trumbull Ave", "locality": "Chicago", "postcode": "60623-3927", "region": "IL", "country": "US" } ], "sources": [ { "property": "", "dataset": "meta", "license": "CDLA-Permissive-2.0", "record_id": "861361083877373", "update_time": "2026-04-06T00:00:00.000Z", "confidence": 0.9609339237213135, "between": null }, { "property": "/properties/confidence", "dataset": "Overture", "license": "CDLA-Permissive-2.0", "record_id": null, "update_time": "2026-04-07T10:00:15Z", "confidence": null, "between": null } ] }, "geometry": { "type": "Point", "coordinates": [ -87.711303939417377, 41.847641027826995 ] } },
{ "type": "Feature", "properties": { "id": "b4ed5bf6-4c32-4f3f-ad99-43ba001f8304", "version": 5, "names": { "primary": "Genesis Auto Body Supplies & Paint", "common": null, "rules": null }, "categories": { "primary": "museum", "alternate": null }, "confidence": 0.87687838077545166, "websites": null, "socials": [ "https://www.facebook.com/3013414975365564" ], "emails": null, "phones": null, "brand": { "wikidata": null, "names": { "primary": null, "common": null, "rules": null } }, "addresses": [ { "freeform": "2457 S Kedzie Ave", "locality": "Chicago", "postcode": "60623-4014", "region": "IL", "country": "US" } ], "sources": [ { "property": "", "dataset": "meta", "license": "CDLA-Permissive-2.0", "record_id": "3013414975365564", "update_time": "2026-04-06T00:00:00.000Z", "confidence": 0.8768783807754517, "between": null }, { "property": "/properties/confidence", "dataset": "Overture", "license": "CDLA-Permissive-2.0", "record_id": null, "update_time": "2026-04-07T10:00:15Z", "confidence": null, "between": null } ] }, "geometry": { "type": "Point", "coordinates": [ -87.70472, 41.8464699 ] } },
{ "type": "Feature", "properties": { "id": "7c10045e-ea5b-4748-aec3-17a6f7a1782d", "version": 6, "names": { "primary": "2358 S Whipple", "common": null, "rules": null }, "categories": { "primary": "park", "alternate": [ "landmark_and_historical_building", "accommodation" ] }, "confidence": 0.52243572473526001, "websites": null, "socials": [ "https://www.facebook.com/207140282652235" ], "emails": null, "phones": null, "brand": { "wikidata": null, "names": { "primary": null, "common": null, "rules": null } }, "addresses": [ { "freeform": "2300 S Whipple St", "locality": "Chicago", "postcode": "60623-3463", "region": "IL", "country": "US" } ], "sources": [ { "property": "", "dataset": "meta", "license": "CDLA-Permissive-2.0", "record_id": "207140282652235", "update_time": "2026-04-06T00:00:00.000Z", "confidence": 0.52243572473526, "between": null }, { "property": "/properties/confidence", "dataset": "Overture", "license": "CDLA-Permissive-2.0", "record_id": null, "update_time": "2026-04-07T10:00:15Z", "confidence": null, "between": null } ] }, "geometry": { "type": "Point", "coordinates": [ -87.70177121, 41.84825759 ] } },
{ "type": "Feature", "properties": { "id": "d8a7bac3-fa41-44cc-8b3c-daf7c6a97997", "version": 4, "names": { "primary": "Little Village Arch", "common": null, "rules": null }, "categories": { "primary": "landmark_and_historical_building", "alternate": [ "community_services_non_profits" ] }, "confidence": 0.97366172671318052, "websites": [ "http://littlevillagechamber.org" ], "socials": [ "https://www.facebook.com/1720899418167755" ], "emails": null, "phones": [ "+17083011100" ], "brand": { "wikidata": null, "names": { "primary": null, "common": null, "rules": null } }, "addresses": [ { "freeform": "West 26th Street &, S Troy St", "locality": "Chicago", "postcode": "60623", "region": "IL", "country": "US" } ], "sources": [ { "property": "", "dataset": "meta", "license": "CDLA-Permissive-2.0", "record_id": "1720899418167755", "update_time": "2026-04-06T00:00:00.000Z", "confidence": 0.8854857683181763, "between": null }, { "property": "/properties/confidence", "dataset": "Overture", "license": "CDLA-Permissive-2.0", "record_id": null, "update_time": "2026-04-07T10:00:15Z", "confidence": null, "between": null } ] }, "geometry": { "type": "Point", "coordinates": [ -87.70332904, 41.84455886 ] } },
{ "type": "Feature", "properties": { "id": "2f6b064a-67f1-4aa3-bf57-e18cb255b109", "version": 4, "names": { "primary": "New Little Village Park", "common": null, "rules": null }, "categories": { "primary": "park", "alternate": [ "public_plaza", "active_life" ] }, "confidence": 0.83815473318099976, "websites": [ "http://waldovillagepark.placeweb.site" ], "socials": [ "https://www.facebook.com/917080931646839" ], "emails": null, "phones": null, "brand": { "wikidata": null, "names": { "primary": null, "common": null, "rules": null } }, "addresses": [ { "freeform": "", "locality": "Chicago", "postcode": "60623", "region": "IL", "country": "US" } ], "sources": [ { "property": "", "dataset": "meta", "license": "CDLA-Permissive-2.0", "record_id": "917080931646839", "update_time": "2026-04-06T00:00:00.000Z", "confidence": 0.8381547331809998, "between": null }, { "property": "/properties/confidence", "dataset": "Overture", "license": "CDLA-Permissive-2.0", "record_id": null, "update_time": "2026-04-07T10:00:15Z", "confidence": null, "between": null } ] }, "geometry": { "type": "Point", "coordinates": [ -87.70109, 41.841988 ] } },
{ "type": "Feature", "properties": { "id": "2e46a040-dfcb-4f03-b63a-8cd6cdfc2df2", "version": 6, "names": { "primary": "Lawndale Gardens", "common": null, "rules": null }, "categories": { "primary": "landmark_and_historical_building", "alternate": [ "accommodation" ] }, "confidence": 0.98868675589561461, "websites": [ "http://www.thecha.org/residents/public-housing/lawndale-gardens" ], "socials": [ "https://www.facebook.com/844647548881895" ], "emails": null, "phones": [ "+17733767233" ], "brand": { "wikidata": null, "names": { "primary": null, "common": null, "rules": null } }, "addresses": [ { "freeform": "2537 S California Ave", "locality": "Chicago", "postcode": "60608-4605", "region": "IL", "country": "US" } ], "sources": [ { "property": "", "dataset": "meta", "license": "CDLA-Permissive-2.0", "record_id": "844647548881895", "update_time": "2026-04-06T00:00:00.000Z", "confidence": 0.9508119821548462, "between": null }, { "property": "/properties/confidence", "dataset": "Overture", "license": "CDLA-Permissive-2.0", "record_id": null, "update_time": "2026-04-07T10:00:15Z", "confidence": null, "between": null } ] }, "geometry": { "type": "Point", "coordinates": [ -87.6942599, 41.84556806 ] } },
{ "type": "Feature", "properties": { "id": "26551f11-8408-45df-a547-b37dc6207b60", "version": 7, "names": { "primary": "Washtenaw Park", "common": null, "rules": null }, "categories": { "primary": "park", "alternate": [ "playground", "active_life" ] }, "confidence": 0.96055823564529419, "websites": [ "http://chicagoparkdistrict.com" ], "socials": [ "https://www.facebook.com/145925002098335" ], "emails": null, "phones": [ "+13127476992" ], "brand": { "wikidata": null, "names": { "primary": null, "common": null, "rules": null } }, "addresses": [ { "freeform": "2521 S Washtenaw Ave", "locality": "Chicago", "postcode": "60608-4631", "region": "IL", "country": "US" } ], "sources": [ { "property": "", "dataset": "meta", "license": "CDLA-Permissive-2.0", "record_id": "145925002098335", "update_time": "2026-04-06T00:00:00.000Z", "confidence": 0.9696919322013855, "between": null }, { "property": "/properties/confidence", "dataset": "Overture", "license": "CDLA-Permissive-2.0", "record_id": null, "update_time": "2026-04-07T10:00:15Z", "confidence": null, "between": null } ] }, "geometry": { "type": "Point", "coordinates": [ -87.69215143, 41.84584455 ] } },
{ "type": "Feature", "properties": { "id": "4d2855f5-e8e8-4994-956d-3b75546ced96", "version": 7, "names": { "primary": "Baraga Park", "common": null, "rules": null }, "categories": { "primary": "park", "alternate": [ "basketball_court", "active_life" ] }, "confidence": 0.94694489240646362, "websites": [ "http://chicagoparkdistrict.com/" ], "socials": [ "https://www.facebook.com/214890348532725" ], "emails": null, "phones": [ "+13127472001" ], "brand": { "wikidata": null, "names": { "primary": null, "common": null, "rules": null } }, "addresses": [ { "freeform": "2440 S Leavitt St", "locality": "Chicago", "postcode": "60608-4032", "region": "IL", "country": "US" } ], "sources": [ { "property": "", "dataset": "meta", "license": "CDLA-Permissive-2.0", "record_id": "214890348532725", "update_time": "2026-04-06T00:00:00.000Z", "confidence": 0.9595242142677307, "between": null }, { "property": "/properties/confidence", "dataset": "Overture", "license": "CDLA-Permissive-2.0", "record_id": null, "update_time": "2026-04-07T10:00:15Z", "confidence": null, "between": null } ] }, "geometry": { "type": "Point", "coordinates": [ -87.68079201, 41.84723459 ] } },
{ "type": "Feature", "properties": { "id": "b823a440-240d-41ed-994c-a113401a33e5", "version": 3, "names": { "primary": "Hoofprint Workshop", "common": null, "rules": null }, "categories": { "primary": "art_gallery", "alternate": null }, "confidence": 0.77, "websites": [ "http://www.hoofprintworkshop.com" ], "socials": null, "emails": null, "phones": [ "(773) 896-4326" ], "brand": null, "addresses": [ { "freeform": "2433 S Oakley Ave", "locality": "Chicago", "postcode": "60608", "region": "IL", "country": "US" } ], "sources": [ { "property": "", "dataset": "Foursquare", "license": "Apache-2.0", "record_id": "5261ca8b11d230d5e6a191da", "update_time": "2025-08-04T00:00:00.000", "confidence": 0.77, "between": null }, { "property": "/properties/confidence", "dataset": "Overture", "license": "CDLA-Permissive-2.0", "record_id": null, "update_time": "2026-04-07T10:00:15Z", "confidence": null, "between": null } ] }, "geometry": { "type": "Point", "coordinates": [ -87.682858441980784, 41.847539933013849 ] } },
{ "type": "Feature", "properties": { "id": "0616c8c0-cbaf-40c6-b8f9-8b144fb8035e", "version": 9, "names": { "primary": "Heart Of Chicago", "common": null, "rules": null }, "categories": { "primary": "monument", "alternate": [ "shopping" ] }, "confidence": 0.7039216160774231, "websites": [ "http://www.heartochicago.com" ], "socials": [ "https://www.facebook.com/1853170111594525" ], "emails": null, "phones": [ "+17738964326" ], "brand": { "wikidata": null, "names": { "primary": null, "common": null, "rules": null } }, "addresses": [ { "freeform": "2400 S Oakley Ave", "locality": "Chicago", "postcode": "60608-4935", "region": "IL", "country": "US" } ], "sources": [ { "property": "", "dataset": "meta", "license": "CDLA-Permissive-2.0", "record_id": "1853170111594525", "update_time": "2026-04-06T00:00:00.000Z", "confidence": 0.7039216160774231, "between": null }, { "property": "/properties/confidence", "dataset": "Overture", "license": "CDLA-Permissive-2.0", "record_id": null, "update_time": "2026-04-07T10:00:15Z", "confidence": null, "between": null } ] }, "geometry": { "type": "Point", "coordinates": [ -87.683432, 41.848274 ] } },
{ "type": "Feature", "properties": { "id": "91dc720d-a91a-4648-8ac1-a327e11bef61", "version": 4, "names": { "primary": "Slow", "common": null, "rules": null }, "categories": { "primary": "art_museum", "alternate": null }, "confidence": 0.77, "websites": [ "http://paul-is-slow.info" ], "socials": null, "emails": null, "phones": [ "(773) 645-8803" ], "brand": null, "addresses": [ { "freeform": "2153 W 21st St", "locality": "Chicago", "postcode": "60608", "region": "IL", "country": "US" } ], "sources": [ { "property": "", "dataset": "Foursquare", "license": "Apache-2.0", "record_id": "5132ad10e4b0e80cde21bf99", "update_time": "2025-08-19T00:00:00.000", "confidence": 0.77, "between": null }, { "property": "/properties/confidence", "dataset": "Overture", "license": "CDLA-Permissive-2.0", "record_id": null, "update_time": "2026-04-07T10:00:15Z", "confidence": null, "between": null } ] }, "geometry": { "type": "Point", "coordinates": [ -87.680396480628843, 41.853761241946557 ] } },
{ "type": "Feature", "properties": { "id": "0eb0c9ab-9d61-4171-b3a0-d079f827262e", "version": 7, "names": { "primary": "Hidden Dog", "common": null, "rules": null }, "categories": { "primary": "art_gallery", "alternate": [ "event_planning", "music_venue" ] }, "confidence": 0.94694489240646362, "websites": [ "http://hiddendog.net" ], "socials": [ "https://www.facebook.com/1391035261121473" ], "emails": [ "davebavaria@gmail.com" ], "phones": [ "+18456520709" ], "brand": { "wikidata": null, "names": { "primary": null, "common": null, "rules": null } }, "addresses": [ { "freeform": "2151 W 21st St", "locality": "Chicago", "postcode": "60608-5278", "region": "IL", "country": "US" } ], "sources": [ { "property": "", "dataset": "meta", "license": "CDLA-Permissive-2.0", "record_id": "1391035261121473", "update_time": "2026-04-06T00:00:00.000Z", "confidence": 0.3152626156806946, "between": null }, { "property": "/properties/confidence", "dataset": "Overture", "license": "CDLA-Permissive-2.0", "record_id": null, "update_time": "2026-04-07T10:00:15Z", "confidence": null, "between": null } ] }, "geometry": { "type": "Point", "coordinates": [ -87.68039809, 41.8538168 ] } },
{ "type": "Feature", "properties": { "id": "0711ca52-136d-4e28-b15c-56a826e495b4", "version": 6, "names": { "primary": "MAGI Cultural Art Center", "common": null, "rules": null }, "categories": { "primary": "art_gallery", "alternate": [ "theatre", "art_museum" ] }, "confidence": 0.11956562846899033, "websites": [ "http://magi-cac.org/" ], "socials": [ "https://www.facebook.com/228481337263782" ], "emails": [ "magiculturalartcenter@gmail.com" ], "phones": [ "+18722286244" ], "brand": { "wikidata": null, "names": { "primary": null, "common": null, "rules": null } }, "addresses": [ { "freeform": "2149 W 21st St", "locality": "Chicago", "postcode": "60608-6142", "region": "IL", "country": "US" } ], "sources": [ { "property": "", "dataset": "meta", "license": "CDLA-Permissive-2.0", "record_id": "228481337263782", "update_time": "2026-04-06T00:00:00.000Z", "confidence": 0.11956562846899033, "between": null }, { "property": "/properties/confidence", "dataset": "Overture", "license": "CDLA-Permissive-2.0", "record_id": null, "update_time": "2026-04-07T10:00:15Z", "confidence": null, "between": null } ] }, "geometry": { "type": "Point", "coordinates": [ -87.680249, 41.853727 ] } },
{ "type": "Feature", "properties": { "id": "c1352dbe-8788-43e6-b8a2-b4314fe04ab8", "version": 5, "names": { "primary": "Miami South Beach", "common": null, "rules": null }, "categories": { "primary": "beach", "alternate": null }, "confidence": 0.87897992134094238, "websites": [ "http://www.miamibeachfl.gov/" ], "socials": [ "https://www.facebook.com/174829479227537" ], "emails": null, "phones": null, "brand": { "wikidata": null, "names": { "primary": null, "common": null, "rules": null } }, "addresses": [ { "freeform": null, "locality": "Chicago", "postcode": null, "region": "IL", "country": "US" } ], "sources": [ { "property": "", "dataset": "meta", "license": "CDLA-Permissive-2.0", "record_id": "174829479227537", "update_time": "2026-04-06T00:00:00.000Z", "confidence": 0.8789799213409424, "between": null }, { "property": "/properties/confidence", "dataset": "Overture", "license": "CDLA-Permissive-2.0", "record_id": null, "update_time": "2026-04-07T10:00:15Z", "confidence": null, "between": null } ] }, "geometry": { "type": "Point", "coordinates": [ -87.695481770399994, 41.859060596900001 ] } },
{ "type": "Feature", "properties": { "id": "757663b5-3eee-43ae-8b53-99708d1452f7", "version": 9, "names": { "primary": "Park Douglas", "common": null, "rules": null }, "categories": { "primary": "landmark_and_historical_building", "alternate": [ "accommodation" ] }, "confidence": 0.96133697271347041, "websites": [ "http://parkdouglas.irmmanagement.com/" ], "socials": [ "https://www.facebook.com/1393937244160938" ], "emails": [ "jhill@parkdouglaschicago.com" ], "phones": [ "+17738934800" ], "brand": { "wikidata": null, "names": { "primary": null, "common": null, "rules": null } }, "addresses": [ { "freeform": "2719 W Roosevelt Rd", "locality": "Chicago", "postcode": "60608-1017", "region": "IL", "country": "US" } ], "sources": [ { "property": "", "dataset": "meta", "license": "CDLA-Permissive-2.0", "record_id": "1393937244160938", "update_time": "2026-04-06T00:00:00.000Z", "confidence": 0.831899881362915, "between": null }, { "property": "/properties/confidence", "dataset": "Overture", "license": "CDLA-Permissive-2.0", "record_id": null, "update_time": "2026-04-07T10:00:15Z", "confidence": null, "between": null } ] }, "geometry": { "type": "Point", "coordinates": [ -87.69423572, 41.86636416 ] } },
{ "type": "Feature", "properties": { "id": "5bb870e3-99f4-4151-b070-c51cd2647c1c", "version": 7, "names": { "primary": "Douglas Park 12Th St", "common": null, "rules": null }, "categories": { "primary": "park", "alternate": [ "active_life", "topic_concert_venue" ] }, "confidence": 0.71531540155410767, "websites": [ "https://www.truepad.com/chicago-real-estate/douglas-park/12th-pl" ], "socials": [ "https://www.facebook.com/233527923416770" ], "emails": null, "phones": null, "brand": { "wikidata": null, "names": { "primary": null, "common": null, "rules": null } }, "addresses": [ { "freeform": null, "locality": "Chicago", "postcode": null, "region": "IL", "country": "US" } ], "sources": [ { "property": "", "dataset": "meta", "license": "CDLA-Permissive-2.0", "record_id": "233527923416770", "update_time": "2026-04-06T00:00:00.000Z", "confidence": 0.7153154015541077, "between": null }, { "property": "/properties/confidence", "dataset": "Overture", "license": "CDLA-Permissive-2.0", "record_id": null, "update_time": "2026-04-07T10:00:15Z", "confidence": null, "between": null } ] }, "geometry": { "type": "Point", "coordinates": [ -87.69664023781587, 41.867989192080614 ] } },
{ "type": "Feature", "properties": { "id": "dfb70d6a-9247-4ebc-bd7f-1c3f16e0d309", "version": 6, "names": { "primary": "The Icon Group", "common": null, "rules": null }, "categories": { "primary": "art_gallery", "alternate": [ "food_delivery_service", "post_office" ] }, "confidence": 0.59795141220092773, "websites": [ "http://www.icongroup.us" ], "socials": [ "https://www.facebook.com/134607586590596" ], "emails": [ "andrew@icongroup.us" ], "phones": [ "+17735331800" ], "brand": { "wikidata": null, "names": { "primary": null, "common": null, "rules": null } }, "addresses": [ { "freeform": "2747 W Taylor St", "locality": "Chicago", "postcode": "60612-4047", "region": "IL", "country": "US" } ], "sources": [ { "property": "", "dataset": "meta", "license": "CDLA-Permissive-2.0", "record_id": "134607586590596", "update_time": "2026-04-06T00:00:00.000Z", "confidence": 0.5979514122009277, "between": null }, { "property": "/properties/confidence", "dataset": "Overture", "license": "CDLA-Permissive-2.0", "record_id": null, "update_time": "2026-04-07T10:00:15Z", "confidence": null, "between": null } ] }, "geometry": { "type": "Point", "coordinates": [ -87.6951, 41.869036 ] } },
{ "type": "Feature", "properties": { "id": "ec8429fd-c400-4221-807e-cb105ac5a51d", "version": 1, "names": { "primary": "Dogwood Park", "common": null, "rules": null }, "categories": { "primary": "park", "alternate": null }, "confidence": 0.77, "websites": [ "http://chicagoparkdistrict.com" ], "socials": null, "emails": null, "phones": [ "(312) 746-5001" ], "brand": null, "addresses": [ { "freeform": "2732 W Polk St", "locality": "Chicago", "postcode": "60612", "region": "IL", "country": "US" } ], "sources": [ { "property": "", "dataset": "Foursquare", "license": "Apache-2.0", "record_id": "4d9763f7a2c6548152ced753", "update_time": "2025-10-24T00:00:00.000", "confidence": 0.77, "between": null }, { "property": "/properties/confidence", "dataset": "Overture", "license": "CDLA-Permissive-2.0", "record_id": null, "update_time": "2026-04-07T10:00:15Z", "confidence": null, "between": null } ] }, "geometry": { "type": "Point", "coordinates": [ -87.695130291128777, 41.871262966552351 ] } },
{ "type": "Feature", "properties": { "id": "c4922d67-6bc7-42f4-a190-b15dab0ea7ff", "version": 3, "names": { "primary": "Altgeld Park", "common": null, "rules": null }, "categories": { "primary": "park", "alternate": null }, "confidence": 0.77, "websites": [ "http://chicagoparkdistrict.com" ], "socials": null, "emails": null, "phones": [ "(312) 746-5001" ], "brand": null, "addresses": [ { "freeform": "515 S Washtenaw Ave", "locality": "Chicago", "postcode": "60612", "region": "IL", "country": "US" } ], "sources": [ { "property": "", "dataset": "Foursquare", "license": "Apache-2.0", "record_id": "4bb15bd2f964a520928e3ce3", "update_time": "2025-04-05T00:00:00.000", "confidence": 0.77, "between": null }, { "property": "/properties/confidence", "dataset": "Overture", "license": "CDLA-Permissive-2.0", "record_id": null, "update_time": "2026-04-07T10:00:15Z", "confidence": null, "between": null } ] }, "geometry": { "type": "Point", "coordinates": [ -87.693066107639822, 41.873788860181591 ] } },
{ "type": "Feature", "properties": { "id": "ddca241d-0297-4d1b-a24c-08d3519f5deb", "version": 5, "names": { "primary": "John Altgeld Park", "common": null, "rules": null }, "categories": { "primary": "park", "alternate": [ "sports_and_recreation_venue", "gym" ] }, "confidence": 0.99299317598342896, "websites": [ "http://www.chicagoparkdistrict.com/parks/Altgeld-Park" ], "socials": [ "https://www.facebook.com/145564185468602" ], "emails": null, "phones": [ "+13127465001" ], "brand": { "wikidata": null, "names": { "primary": null, "common": null, "rules": null } }, "addresses": [ { "freeform": "Altgeld Park, 515 S Washtenaw Ave", "locality": "Chicago", "postcode": "60612", "region": "IL", "country": "US" } ], "sources": [ { "property": "", "dataset": "meta", "license": "CDLA-Permissive-2.0", "record_id": "145564185468602", "update_time": "2026-04-06T00:00:00.000Z", "confidence": 0.992993175983429, "between": null }, { "property": "/properties/confidence", "dataset": "Overture", "license": "CDLA-Permissive-2.0", "record_id": null, "update_time": "2026-04-07T10:00:15Z", "confidence": null, "between": null } ] }, "geometry": { "type": "Point", "coordinates": [ -87.69266629, 41.87432638 ] } },
{ "type": "Feature", "properties": { "id": "7079e4cb-1fe1-4d55-85c3-5490f263ee47", "version": 8, "names": { "primary": "Jackson Boulevard Apartments", "common": null, "rules": null }, "categories": { "primary": "landmark_and_historical_building", "alternate": [ "accommodation" ] }, "confidence": 0.68051958084106445, "websites": null, "socials": [ "https://www.facebook.com/653074018165089" ], "emails": null, "phones": [ "+17738266280" ], "brand": { "wikidata": null, "names": { "primary": null, "common": null, "rules": null } }, "addresses": [ { "freeform": "2640 W Jackson Blvd", "locality": "Chicago", "postcode": "60612-2800", "region": "IL", "country": "US" } ], "sources": [ { "property": "", "dataset": "meta", "license": "CDLA-Permissive-2.0", "record_id": "653074018165089", "update_time": "2026-04-06T00:00:00.000Z", "confidence": 0.6805195808410645, "between": null }, { "property": "/properties/confidence", "dataset": "Overture", "license": "CDLA-Permissive-2.0", "record_id": null, "update_time": "2026-04-07T10:00:15Z", "confidence": null, "between": null } ] }, "geometry": { "type": "Point", "coordinates": [ -87.69298007, 41.8775785 ] } },
{ "type": "Feature", "properties": { "id": "6ab49588-9f23-4703-af51-66c6431a6de0", "version": 7, "names": { "primary": "City Gardens", "common": null, "rules": null }, "categories": { "primary": "landmark_and_historical_building", "alternate": [ "real_estate" ] }, "confidence": 0.95651031136512754, "websites": null, "socials": [ "https://www.facebook.com/204512066710357" ], "emails": null, "phones": [ "+18722396161" ], "brand": { "wikidata": null, "names": { "primary": null, "common": null, "rules": null } }, "addresses": [ { "freeform": "312 S Maplewood Ave", "locality": "Chicago", "postcode": "60612-2809", "region": "IL", "country": "US" } ], "sources": [ { "property": "", "dataset": "meta", "license": "CDLA-Permissive-2.0", "record_id": "204512066710357", "update_time": "2026-04-06T00:00:00.000Z", "confidence": 0.8109143972396851, "between": null }, { "property": "/properties/confidence", "dataset": "Overture", "license": "CDLA-Permissive-2.0", "record_id": null, "update_time": "2026-04-07T10:00:15Z", "confidence": null, "between": null } ] }, "geometry": { "type": "Point", "coordinates": [ -87.69055272, 41.87665137 ] } },
{ "type": "Feature", "properties": { "id": "41ec8a5c-7de6-43e4-bc08-bacfd34f2bea", "version": 8, "names": { "primary": "Dog Park on Western", "common": null, "rules": null }, "categories": { "primary": "dog_park", "alternate": [ "park" ] }, "confidence": 0.3223131000995636, "websites": null, "socials": [ "https://www.facebook.com/386811511872538" ], "emails": null, "phones": null, "brand": { "wikidata": null, "names": { "primary": null, "common": null, "rules": null } }, "addresses": [ { "freeform": "", "locality": "Chicago", "postcode": "60612", "region": "IL", "country": "US" } ], "sources": [ { "property": "", "dataset": "meta", "license": "CDLA-Permissive-2.0", "record_id": "386811511872538", "update_time": "2026-04-06T00:00:00.000Z", "confidence": 0.3223131000995636, "between": null }, { "property": "/properties/confidence", "dataset": "Overture", "license": "CDLA-Permissive-2.0", "record_id": null, "update_time": "2026-04-07T10:00:15Z", "confidence": null, "between": null } ] }, "geometry": { "type": "Point", "coordinates": [ -87.685878, 41.872916 ] } },
{ "type": "Feature", "properties": { "id": "cca0bf84-a893-4886-bd9e-1bc98b9537b3", "version": 7, "names": { "primary": "Oakley Square Apartments", "common": null, "rules": null }, "categories": { "primary": "landmark_and_historical_building", "alternate": null }, "confidence": 0.99879287266731265, "websites": [ "https://www.oakleysquareapts.com/" ], "socials": [ "https://www.facebook.com/1329485333766991" ], "emails": [ "oakleysquare@tcbinc.org" ], "phones": [ "+13127335850" ], "brand": { "wikidata": null, "names": { "primary": null, "common": null, "rules": null } }, "addresses": [ { "freeform": "2333 W Jackson Blvd", "locality": "Chicago", "postcode": "60612-0147", "region": "IL", "country": "US" } ], "sources": [ { "property": "", "dataset": "meta", "license": "CDLA-Permissive-2.0", "record_id": "1329485333766991", "update_time": "2026-04-06T00:00:00.000Z", "confidence": 0.9771809577941895, "between": null }, { "property": "/properties/confidence", "dataset": "Overture", "license": "CDLA-Permissive-2.0", "record_id": null, "update_time": "2026-04-07T10:00:15Z", "confidence": null, "between": null } ] }, "geometry": { "type": "Point", "coordinates": [ -87.68526321, 41.87693053 ] } },
{ "type": "Feature", "properties": { "id": "e6f6431a-984b-418c-b95e-09bc3e68c529", "version": 8, "names": { "primary": "Saint Stephen Terrace Apts", "common": null, "rules": null }, "categories": { "primary": "landmark_and_historical_building", "alternate": [ "accommodation", "real_estate" ] }, "confidence": 0.88753426074981689, "websites": [ "www.apartmentratings.com/il/chicago/st-stephen-terrace-apartments..." ], "socials": [ "https://www.facebook.com/136703789712566" ], "emails": null, "phones": [ "+13127335850" ], "brand": { "wikidata": null, "names": { "primary": null, "common": null, "rules": null } }, "addresses": [ { "freeform": "2325 W Jackson Blvd", "locality": "Chicago", "postcode": "60612-0150", "region": "IL", "country": "US" } ], "sources": [ { "property": "", "dataset": "meta", "license": "CDLA-Permissive-2.0", "record_id": "136703789712566", "update_time": "2026-04-06T00:00:00.000Z", "confidence": 0.8875342607498169, "between": null }, { "property": "/properties/confidence", "dataset": "Overture", "license": "CDLA-Permissive-2.0", "record_id": null, "update_time": "2026-04-07T10:00:15Z", "confidence": null, "between": null } ] }, "geometry": { "type": "Point", "coordinates": [ -87.684837, 41.877141 ] } },
{ "type": "Feature", "properties": { "id": "35c3a024-77db-42b2-9a45-188b0eb40e22", "version": 1, "names": { "primary": "Livingston Field Park", "common": null, "rules": null }, "categories": { "primary": "park", "alternate": null }, "confidence": 0.94694489240646362, "websites": [ "https://www.giftrocket.com/gift-card/livingston-park-chicago" ], "socials": [ "https://www.facebook.com/305162439648271" ], "emails": null, "phones": [ "+13127465001" ], "brand": { "wikidata": null, "names": { "primary": null, "common": null, "rules": null } }, "addresses": [ { "freeform": "2139 W Lexington St", "locality": "Chicago", "postcode": "60612-3707", "region": "IL", "country": "US" } ], "sources": [ { "property": "", "dataset": "meta", "license": "CDLA-Permissive-2.0", "record_id": "305162439648271", "update_time": "2026-04-06T00:00:00.000Z", "confidence": 0.8315300941467285, "between": null }, { "property": "/properties/confidence", "dataset": "Overture", "license": "CDLA-Permissive-2.0", "record_id": null, "update_time": "2026-04-07T10:00:15Z", "confidence": null, "between": null } ] }, "geometry": { "type": "Point", "coordinates": [ -87.68085269, 41.87185229 ] } },
{ "type": "Feature", "properties": { "id": "f6ffd603-b887-4e1a-9c19-6a7e42a89346", "version": 1, "names": { "primary": "Apparatus Projects", "common": null, "rules": null }, "categories": { "primary": "art_gallery", "alternate": null }, "confidence": 0.4808514416217804, "websites": [ "http://cinespace.isthe.gallery/" ], "socials": [ "https://www.facebook.com/100761441558768" ], "emails": [ "isthegallery@gmail.com" ], "phones": null, "brand": { "wikidata": null, "names": { "primary": null, "common": null, "rules": null } }, "addresses": [ { "freeform": "1500 S Western Ave", "locality": "Chicago", "postcode": "60608-1819", "region": "IL", "country": "US" } ], "sources": [ { "property": "", "dataset": "meta", "license": "CDLA-Permissive-2.0", "record_id": "100761441558768", "update_time": "2026-04-06T00:00:00.000Z", "confidence": 0.4808514416217804, "between": null }, { "property": "/properties/confidence", "dataset": "Overture", "license": "CDLA-Permissive-2.0", "record_id": null, "update_time": "2026-04-07T10:00:15Z", "confidence": null, "between": null } ] }, "geometry": { "type": "Point", "coordinates": [ -87.6869616, 41.86095338 ] } },
{ "type": "Feature", "properties": { "id": "1c76e226-ab6b-425a-a21e-7456b7e72e3a", "version": 9, "names": { "primary": "Casati Gallery", "common": null, "rules": null }, "categories": { "primary": "art_gallery", "alternate": [ "interior_design" ] }, "confidence": 0.92809128761291504, "websites": [ "http://www.casatigallery.com/" ], "socials": [ "https://www.facebook.com/1751064588463405" ], "emails": [ "info@casatigallery.com" ], "phones": [ "+13124219905" ], "brand": { "wikidata": null, "names": { "primary": null, "common": null, "rules": null } }, "addresses": [ { "freeform": "1500 S Western Ave", "locality": "Chicago", "postcode": "60608-1819", "region": "IL", "country": "US" } ], "sources": [ { "property": "", "dataset": "meta", "license": "CDLA-Permissive-2.0", "record_id": "1751064588463405", "update_time": "2026-04-06T00:00:00.000Z", "confidence": 0.928091287612915, "between": null }, { "property": "/properties/confidence", "dataset": "Overture", "license": "CDLA-Permissive-2.0", "record_id": null, "update_time": "2026-04-07T10:00:15Z", "confidence": null, "between": null } ] }, "geometry": { "type": "Point", "coordinates": [ -87.68693086, 41.86095045 ] } },
{ "type": "Feature", "properties": { "id": "1b5faf19-b61e-4bf2-ac7b-4f704cd2439a", "version": 6, "names": { "primary": "Good Weather (Chicago)", "common": null, "rules": null }, "categories": { "primary": "art_gallery", "alternate": [ "contemporary_art_museum", "modern_art_museum" ] }, "confidence": 0.15985378623008728, "websites": null, "socials": [ "https://www.facebook.com/104610161681162" ], "emails": null, "phones": [ "+16627340380" ], "brand": { "wikidata": null, "names": { "primary": null, "common": null, "rules": null } }, "addresses": [ { "freeform": "1524 S Western Ave", "locality": "Chicago", "postcode": "60608-1804", "region": "IL", "country": "US" } ], "sources": [ { "property": "", "dataset": "meta", "license": "CDLA-Permissive-2.0", "record_id": "104610161681162", "update_time": "2026-04-06T00:00:00.000Z", "confidence": 0.15985378623008728, "between": null }, { "property": "/properties/confidence", "dataset": "Overture", "license": "CDLA-Permissive-2.0", "record_id": null, "update_time": "2026-04-07T10:00:15Z", "confidence": null, "between": null } ] }, "geometry": { "type": "Point", "coordinates": [ -87.68608236, 41.86047893 ] } },
{ "type": "Feature", "properties": { "id": "9fde1254-35c2-4141-96a7-0b46b51bda3a", "version": 6, "names": { "primary": "Cadence Apartments", "common": null, "rules": null }, "categories": { "primary": "landmark_and_historical_building", "alternate": null }, "confidence": 0.95938062012195591, "websites": [ "https://cadence.apartments/?utm_source=social&utm_medium=facebook&utm_campaign=facebookprofile" ], "socials": [ "https://www.facebook.com/103402348956856" ], "emails": [ "cadence@luxurylivingchicago.com" ], "phones": [ "+13124896699" ], "brand": { "wikidata": null, "names": { "primary": null, "common": null, "rules": null } }, "addresses": [ { "freeform": "2050 W Ogden Ave", "locality": "Chicago", "postcode": "60612-5607", "region": "IL", "country": "US" } ], "sources": [ { "property": "", "dataset": "meta", "license": "CDLA-Permissive-2.0", "record_id": "103402348956856", "update_time": "2026-04-06T00:00:00.000Z", "confidence": 0.8233940005302429, "between": null }, { "property": "/properties/confidence", "dataset": "Overture", "license": "CDLA-Permissive-2.0", "record_id": null, "update_time": "2026-04-07T10:00:15Z", "confidence": null, "between": null } ] }, "geometry": { "type": "Point", "coordinates": [ -87.67765827, 41.87186349 ] } },
{ "type": "Feature", "properties": { "id": "5445cee5-1083-43a1-9e2d-90a8c3d43f17", "version": 7, "names": { "primary": "Louis Pasteur Monument", "common": null, "rules": null }, "categories": { "primary": "monument", "alternate": [ "sculpture_statue", "structure_and_geography" ] }, "confidence": 0.66405558586120605, "websites": null, "socials": [ "https://www.facebook.com/260684744789021" ], "emails": null, "phones": null, "brand": { "wikidata": null, "names": { "primary": null, "common": null, "rules": null } }, "addresses": [ { "freeform": "W Congress Pkwy", "locality": "Chicago", "postcode": "60607", "region": "IL", "country": "US" } ], "sources": [ { "property": "", "dataset": "meta", "license": "CDLA-Permissive-2.0", "record_id": "260684744789021", "update_time": "2026-04-06T00:00:00.000Z", "confidence": 0.664055585861206, "between": null }, { "property": "/properties/confidence", "dataset": "Overture", "license": "CDLA-Permissive-2.0", "record_id": null, "update_time": "2026-04-07T10:00:15Z", "confidence": null, "between": null } ] }, "geometry": { "type": "Point", "coordinates": [ -87.678461, 41.875189 ] } },
{ "type": "Feature", "properties": { "id": "656372df-0050-4eea-ba0e-d6f2d4430a33", "version": 7, "names": { "primary": "Van Buren Park", "common": null, "rules": null }, "categories": { "primary": "park", "alternate": null }, "confidence": 0.96525871753692627, "websites": [ "http://www.vanburen-mi.org" ], "socials": [ "https://www.facebook.com/169683043046600" ], "emails": [ "info@vanburen-mi.org" ], "phones": [ "+13126331916" ], "brand": { "wikidata": null, "names": { "primary": null, "common": null, "rules": null } }, "addresses": [ { "freeform": "2045 W Jackson Blvd", "locality": "Chicago", "postcode": "60612-1740", "region": "IL", "country": "US" } ], "sources": [ { "property": "", "dataset": "meta", "license": "CDLA-Permissive-2.0", "record_id": "169683043046600", "update_time": "2026-04-06T00:00:00.000Z", "confidence": 0.9652587175369263, "between": null }, { "property": "/properties/confidence", "dataset": "Overture", "license": "CDLA-Permissive-2.0", "record_id": null, "update_time": "2026-04-07T10:00:15Z", "confidence": null, "between": null } ] }, "geometry": { "type": "Point", "coordinates": [ -87.67841936, 41.877382 ] } },
{ "type": "Feature", "properties": { "id": "b0feaf5c-81f0-4748-ac0b-d2adb1fe175a", "version": 6, "names": { "primary": "Damen Courts Associates", "common": null, "rules": null }, "categories": { "primary": "landmark_and_historical_building", "alternate": [ "property_management" ] }, "confidence": 0.78226953744888306, "websites": [ "https://www.hispanichousingdevelopment.com/damen-court-apts." ], "socials": [ "https://www.facebook.com/104996846232658" ], "emails": null, "phones": [ "+13122266006" ], "brand": { "wikidata": null, "names": { "primary": null, "common": null, "rules": null } }, "addresses": [ { "freeform": "2040 W Jackson Blvd", "locality": "Chicago", "postcode": "60612-3048", "region": "IL", "country": "US" } ], "sources": [ { "property": "", "dataset": "meta", "license": "CDLA-Permissive-2.0", "record_id": "104996846232658", "update_time": "2026-04-06T00:00:00.000Z", "confidence": 0.7822695374488831, "between": null }, { "property": "/properties/confidence", "dataset": "Overture", "license": "CDLA-Permissive-2.0", "record_id": null, "update_time": "2026-04-07T10:00:15Z", "confidence": null, "between": null } ] }, "geometry": { "type": "Point", "coordinates": [ -87.67804464, 41.87768002 ] } },
{ "type": "Feature", "properties": { "id": "86a719bf-7fec-4126-8f48-200e6318d626", "version": 3, "names": { "primary": "Public Post Ultra", "common": null, "rules": null }, "categories": { "primary": "landmark_and_historical_building", "alternate": null }, "confidence": 0.27233818173408508, "websites": [ "http://publicpostultra24.com/" ], "socials": [ "https://www.facebook.com/574308565769671" ], "emails": [ "publicpostultra24@gmail.com" ], "phones": [ "+13124253142" ], "brand": { "wikidata": null, "names": { "primary": null, "common": null, "rules": null } }, "addresses": [ { "freeform": "2045 W Jackson Blvd", "locality": "Chicago", "postcode": "60612-1740", "region": "IL", "country": "US" } ], "sources": [ { "property": "", "dataset": "meta", "license": "CDLA-Permissive-2.0", "record_id": "574308565769671", "update_time": "2026-04-06T00:00:00.000Z", "confidence": 0.2723381817340851, "between": null }, { "property": "/properties/confidence", "dataset": "Overture", "license": "CDLA-Permissive-2.0", "record_id": null, "update_time": "2026-04-07T10:00:15Z", "confidence": null, "between": null } ] }, "geometry": { "type": "Point", "coordinates": [ -87.67836, 41.87721 ] } },
{ "type": "Feature", "properties": { "id": "afe00596-a2ee-498c-92e2-fc0dd0140d45", "version": 7, "names": { "primary": "West Point Plaza", "common": null, "rules": null }, "categories": { "primary": "landmark_and_historical_building", "alternate": [ "accommodation" ] }, "confidence": 0.92928773164749146, "websites": [ "https://www.habitat.com" ], "socials": [ "https://www.facebook.com/101124223569919" ], "emails": null, "phones": [ "+13127331500" ], "brand": { "wikidata": null, "names": { "primary": null, "common": null, "rules": null } }, "addresses": [ { "freeform": "300 S Damen Ave", "locality": "Chicago", "postcode": "60612-3101", "region": "IL", "country": "US" } ], "sources": [ { "property": "", "dataset": "meta", "license": "CDLA-Permissive-2.0", "record_id": "101124223569919", "update_time": "2026-04-06T00:00:00.000Z", "confidence": 0.9292877316474915, "between": null }, { "property": "/properties/confidence", "dataset": "Overture", "license": "CDLA-Permissive-2.0", "record_id": null, "update_time": "2026-04-07T10:00:15Z", "confidence": null, "between": null } ] }, "geometry": { "type": "Point", "coordinates": [ -87.67700338, 41.87691554 ] } },
{ "type": "Feature", "properties": { "id": "366c2028-3ed6-42c8-9228-a7a39596e098", "version": 7, "names": { "primary": "Atrio Apartments", "common": null, "rules": null }, "categories": { "primary": "landmark_and_historical_building", "alternate": [ "service_apartments" ] }, "confidence": 0.99844897191524506, "websites": [ "http://www.liveatatrio.com/" ], "socials": [ "https://www.facebook.com/112734367266811" ], "emails": null, "phones": [ "+13129781664" ], "brand": { "wikidata": null, "names": { "primary": null, "common": null, "rules": null } }, "addresses": [ { "freeform": "1926 W Harrison St", "locality": "Chicago", "postcode": "60612-3715", "region": "IL", "country": "US" } ], "sources": [ { "property": "", "dataset": "meta", "license": "CDLA-Permissive-2.0", "record_id": "112734367266811", "update_time": "2026-04-06T00:00:00.000Z", "confidence": 0.9706799983978271, "between": null }, { "property": "/properties/confidence", "dataset": "Overture", "license": "CDLA-Permissive-2.0", "record_id": null, "update_time": "2026-04-07T10:00:15Z", "confidence": null, "between": null } ] }, "geometry": { "type": "Point", "coordinates": [ -87.67479017, 41.87449401 ] } },
{ "type": "Feature", "properties": { "id": "9740221d-d024-4803-9ecf-47cd4cc78f90", "version": 7, "names": { "primary": "The Lydian", "common": null, "rules": null }, "categories": { "primary": "landmark_and_historical_building", "alternate": [ "real_estate" ] }, "confidence": 0.99715769886970518, "websites": [ "http://www.thelydian.com/" ], "socials": [ "https://www.facebook.com/103613799200847" ], "emails": null, "phones": [ "+18722163950" ], "brand": { "wikidata": null, "names": { "primary": null, "common": null, "rules": null } }, "addresses": [ { "freeform": "513 S Damen Ave", "locality": "Chicago", "postcode": "60612-5592", "region": "IL", "country": "US" } ], "sources": [ { "property": "", "dataset": "meta", "license": "CDLA-Permissive-2.0", "record_id": "103613799200847", "update_time": "2026-04-06T00:00:00.000Z", "confidence": 0.9876421689987183, "between": null }, { "property": "/properties/confidence", "dataset": "Overture", "license": "CDLA-Permissive-2.0", "record_id": null, "update_time": "2026-04-07T10:00:15Z", "confidence": null, "between": null } ] }, "geometry": { "type": "Point", "coordinates": [ -87.67581805, 41.87450732 ] } },
{ "type": "Feature", "properties": { "id": "f89b5741-d664-46eb-b858-cdfb82f78a77", "version": 7, "names": { "primary": "West Side Grounds", "common": null, "rules": null }, "categories": { "primary": "landmark_and_historical_building", "alternate": [ "stadium_arena", "train_station" ] }, "confidence": 0.78349733352661133, "websites": [ "http://www.chicagotribune.com/sports/baseball/cubs/ct-cubs-west-side-grounds-met-20171004-story.html" ], "socials": [ "https://www.facebook.com/355399131473216" ], "emails": null, "phones": null, "brand": { "wikidata": null, "names": { "primary": null, "common": null, "rules": null } }, "addresses": [ { "freeform": null, "locality": "Chicago", "postcode": null, "region": "IL", "country": "US" } ], "sources": [ { "property": "", "dataset": "meta", "license": "CDLA-Permissive-2.0", "record_id": "355399131473216", "update_time": "2026-04-06T00:00:00.000Z", "confidence": 0.5347945094108582, "between": null }, { "property": "/properties/confidence", "dataset": "Overture", "license": "CDLA-Permissive-2.0", "record_id": null, "update_time": "2026-04-07T10:00:15Z", "confidence": null, "between": null } ] }, "geometry": { "type": "Point", "coordinates": [ -87.67133375, 41.86991841 ] } },
{ "type": "Feature", "properties": { "id": "67057925-543f-4097-8b9e-d8d4cdda5ad5", "version": 7, "names": { "primary": "Urban Van Buren", "common": null, "rules": null }, "categories": { "primary": "landmark_and_historical_building", "alternate": [ "accommodation", "real_estate" ] }, "confidence": 0.40186867117881775, "websites": [ "https://www.urbaninnovations.com" ], "socials": [ "https://www.facebook.com/154200097951431" ], "emails": [ "llawson@urbaninnovations.com" ], "phones": [ "+13127336187" ], "brand": { "wikidata": null, "names": { "primary": null, "common": null, "rules": null } }, "addresses": [ { "freeform": "1504 W Van Buren St", "locality": "Chicago", "postcode": "60607-2702", "region": "IL", "country": "US" } ], "sources": [ { "property": "", "dataset": "meta", "license": "CDLA-Permissive-2.0", "record_id": "154200097951431", "update_time": "2026-04-06T00:00:00.000Z", "confidence": 0.40186867117881775, "between": null }, { "property": "/properties/confidence", "dataset": "Overture", "license": "CDLA-Permissive-2.0", "record_id": null, "update_time": "2026-04-07T10:00:15Z", "confidence": null, "between": null } ] }, "geometry": { "type": "Point", "coordinates": [ -87.66465863, 41.87651778 ] } },
{ "type": "Feature", "properties": { "id": "45d6722c-1ac9-4140-bd5d-fef7c324ac97", "version": 7, "names": { "primary": "Jackson Historic Landmark", "common": null, "rules": null }, "categories": { "primary": "landmark_and_historical_building", "alternate": [ "fountain", "museum" ] }, "confidence": 0.49095818400382996, "websites": null, "socials": [ "https://www.facebook.com/123365431188052" ], "emails": null, "phones": null, "brand": { "wikidata": null, "names": { "primary": null, "common": null, "rules": null } }, "addresses": [ { "freeform": "", "locality": "Chicago", "postcode": "60607", "region": "IL", "country": "US" } ], "sources": [ { "property": "", "dataset": "meta", "license": "CDLA-Permissive-2.0", "record_id": "123365431188052", "update_time": "2026-04-06T00:00:00.000Z", "confidence": 0.49095818400382996, "between": null }, { "property": "/properties/confidence", "dataset": "Overture", "license": "CDLA-Permissive-2.0", "record_id": null, "update_time": "2026-04-07T10:00:15Z", "confidence": null, "between": null } ] }, "geometry": { "type": "Point", "coordinates": [ -87.664534, 41.877199 ] } },
{ "type": "Feature", "properties": { "id": "0aa70371-4ecd-4894-b23c-15a61c37e2cb", "version": 8, "names": { "primary": "Garibaldi Park", "common": null, "rules": null }, "categories": { "primary": "park", "alternate": [ "attractions_and_activities" ] }, "confidence": 0.97753547072410585, "websites": [ "http://www.chicagoparkdistrict.com" ], "socials": [ "https://www.facebook.com/460660253944850" ], "emails": null, "phones": [ "+13127427529" ], "brand": { "wikidata": null, "names": { "primary": null, "common": null, "rules": null } }, "addresses": [ { "freeform": "1520 W Polk St", "locality": "Chicago", "postcode": "60607-3119", "region": "IL", "country": "US" } ], "sources": [ { "property": "", "dataset": "meta", "license": "CDLA-Permissive-2.0", "record_id": "460660253944850", "update_time": "2026-04-06T00:00:00.000Z", "confidence": 0.9023281335830688, "between": null }, { "property": "/properties/confidence", "dataset": "Overture", "license": "CDLA-Permissive-2.0", "record_id": null, "update_time": "2026-04-07T10:00:15Z", "confidence": null, "between": null } ] }, "geometry": { "type": "Point", "coordinates": [ -87.66526932, 41.87203127 ] } },
{ "type": "Feature", "properties": { "id": "dbbd907f-c8ce-4a12-8447-6073ac71d32d", "version": 6, "names": { "primary": "Scio", "common": null, "rules": null }, "categories": { "primary": "landmark_and_historical_building", "alternate": [ "accommodation" ] }, "confidence": 0.9514850378036499, "websites": [ "https://www.sciochicago.com/?utm_source=facebook&utm_medium=social" ], "socials": [ "https://www.facebook.com/169326176444390" ], "emails": [ "info@sciochicago.com" ], "phones": [ "+18728102650" ], "brand": { "wikidata": null, "names": { "primary": null, "common": null, "rules": null } }, "addresses": [ { "freeform": "901 S Ashland Ave", "locality": "Chicago", "postcode": "60607-4001", "region": "IL", "country": "US" } ], "sources": [ { "property": "", "dataset": "meta", "license": "CDLA-Permissive-2.0", "record_id": "169326176444390", "update_time": "2026-04-06T00:00:00.000Z", "confidence": 0.9514850378036499, "between": null }, { "property": "/properties/confidence", "dataset": "Overture", "license": "CDLA-Permissive-2.0", "record_id": null, "update_time": "2026-04-07T10:00:15Z", "confidence": null, "between": null } ] }, "geometry": { "type": "Point", "coordinates": [ -87.66585884, 41.87047061 ] } },
{ "type": "Feature", "properties": { "id": "f587bf87-7265-476e-a19a-9c17931a4cf6", "version": 1, "names": { "primary": "Circle Park Apartments", "common": null, "rules": null }, "categories": { "primary": "landmark_and_historical_building", "alternate": [ "accommodation", "real_estate" ] }, "confidence": 0.98446923494338989, "websites": [ "https://www.circleparkchicago.com/" ], "socials": [ "https://www.facebook.com/167453133268804" ], "emails": null, "phones": [ "+13127380056" ], "brand": { "wikidata": null, "names": { "primary": null, "common": null, "rules": null } }, "addresses": [ { "freeform": "1111 S Ashland Ave", "locality": "Chicago", "postcode": "60607-4644", "region": "IL", "country": "US" } ], "sources": [ { "property": "", "dataset": "meta", "license": "CDLA-Permissive-2.0", "record_id": "167453133268804", "update_time": "2026-04-06T00:00:00.000Z", "confidence": 0.9844692349433899, "between": null }, { "property": "/properties/confidence", "dataset": "Overture", "license": "CDLA-Permissive-2.0", "record_id": null, "update_time": "2026-04-07T10:00:15Z", "confidence": null, "between": null } ] }, "geometry": { "type": "Point", "coordinates": [ -87.6632051, 41.86761888 ] } },
{ "type": "Feature", "properties": { "id": "0496f4b2-e1a1-4268-8d7f-30e7bb6303a5", "version": 6, "names": { "primary": "Third Eye Sensory Garden  at ICRE-Wood", "common": null, "rules": null }, "categories": { "primary": "park", "alternate": [ "attractions_and_activities" ] }, "confidence": 0.85946387052536011, "websites": null, "socials": [ "https://www.facebook.com/1231116543732234" ], "emails": null, "phones": null, "brand": { "wikidata": null, "names": { "primary": null, "common": null, "rules": null } }, "addresses": [ { "freeform": "1151 S Wood St", "locality": "Chicago", "postcode": "60612-4329", "region": "IL", "country": "US" } ], "sources": [ { "property": "", "dataset": "meta", "license": "CDLA-Permissive-2.0", "record_id": "1231116543732234", "update_time": "2026-04-06T00:00:00.000Z", "confidence": 0.8594638705253601, "between": null }, { "property": "/properties/confidence", "dataset": "Overture", "license": "CDLA-Permissive-2.0", "record_id": null, "update_time": "2026-04-07T10:00:15Z", "confidence": null, "between": null } ] }, "geometry": { "type": "Point", "coordinates": [ -87.6712, 41.8674 ] } },
{ "type": "Feature", "properties": { "id": "733e0da6-a928-426c-afda-e2044bfa82b3", "version": 7, "names": { "primary": "William Jones Apartments", "common": null, "rules": null }, "categories": { "primary": "landmark_and_historical_building", "alternate": [ "accommodation" ] }, "confidence": 0.79116743803024292, "websites": null, "socials": [ "https://www.facebook.com/121848107872258" ], "emails": null, "phones": [ "+13127761545" ], "brand": { "wikidata": null, "names": { "primary": null, "common": null, "rules": null } }, "addresses": [ { "freeform": "1447 S Ashland Ave", "locality": "Chicago", "postcode": "60608-2020", "region": "IL", "country": "US" } ], "sources": [ { "property": "", "dataset": "meta", "license": "CDLA-Permissive-2.0", "record_id": "121848107872258", "update_time": "2026-04-06T00:00:00.000Z", "confidence": 0.7911674380302429, "between": null }, { "property": "/properties/confidence", "dataset": "Overture", "license": "CDLA-Permissive-2.0", "record_id": null, "update_time": "2026-04-07T10:00:15Z", "confidence": null, "between": null } ] }, "geometry": { "type": "Point", "coordinates": [ -87.66601893, 41.86191555 ] } },
{ "type": "Feature", "properties": { "id": "a4a2d2e1-7448-49f4-bd5b-1be8de448d7a", "version": 9, "names": { "primary": "Addams Coliving", "common": null, "rules": null }, "categories": { "primary": "landmark_and_historical_building", "alternate": null }, "confidence": 0.98579491019248966, "websites": [ "https://addamscoliving.com/" ], "socials": [ "https://www.facebook.com/182553479988209" ], "emails": [ "addamscoliving@rentlife.com" ], "phones": [ "+13125353257" ], "brand": { "wikidata": null, "names": { "primary": null, "common": null, "rules": null } }, "addresses": [ { "freeform": "1457 W 15th St", "locality": "Chicago", "postcode": "60608", "region": "IL", "country": "US" } ], "sources": [ { "property": "", "dataset": "meta", "license": "CDLA-Permissive-2.0", "record_id": "182553479988209", "update_time": "2026-04-06T00:00:00.000Z", "confidence": 0.9382387399673462, "between": null }, { "property": "/properties/confidence", "dataset": "Overture", "license": "CDLA-Permissive-2.0", "record_id": null, "update_time": "2026-04-07T10:00:15Z", "confidence": null, "between": null } ] }, "geometry": { "type": "Point", "coordinates": [ -87.663257, 41.86125 ] } },
{ "type": "Feature", "properties": { "id": "7e352cc2-7046-4043-b3d2-c83d6cf08f2f", "version": 6, "names": { "primary": "The Otis", "common": null, "rules": null }, "categories": { "primary": "landmark_and_historical_building", "alternate": [ "accommodation", "real_estate" ] }, "confidence": 0.99403251111507418, "websites": [ "http://flatslife.com/" ], "socials": [ "https://www.facebook.com/435560393459045" ], "emails": [ "community-l5fin@aptprospect.com" ], "phones": [ "+18722069939" ], "brand": { "wikidata": null, "names": { "primary": null, "common": null, "rules": null } }, "addresses": [ { "freeform": "1435 W 15th St", "locality": "Chicago", "postcode": "60608-2159", "region": "IL", "country": "US" } ], "sources": [ { "property": "", "dataset": "meta", "license": "CDLA-Permissive-2.0", "record_id": "435560393459045", "update_time": "2026-04-06T00:00:00.000Z", "confidence": 0.9740543961524963, "between": null }, { "property": "/properties/confidence", "dataset": "Overture", "license": "CDLA-Permissive-2.0", "record_id": null, "update_time": "2026-04-07T10:00:15Z", "confidence": null, "between": null } ] }, "geometry": { "type": "Point", "coordinates": [ -87.66336869, 41.86139253 ] } },
{ "type": "Feature", "properties": { "id": "841fbb15-96aa-4917-88bd-b6d92335d90b", "version": 6, "names": { "primary": "Casa de la cultura carlos cortez (Mestizarte)", "common": null, "rules": null }, "categories": { "primary": "art_gallery", "alternate": [ "museum", "art_museum" ] }, "confidence": 0.64679050445556641, "websites": [ "http://www.mestizarte.org/" ], "socials": [ "https://www.facebook.com/320461831334975" ], "emails": [ "artepinamoralez@gmail.com" ], "phones": [ "+13129704752" ], "brand": { "wikidata": null, "names": { "primary": null, "common": null, "rules": null } }, "addresses": [ { "freeform": "1440 W 18th St", "locality": "Chicago", "postcode": "60608-3004", "region": "IL", "country": "US" } ], "sources": [ { "property": "", "dataset": "meta", "license": "CDLA-Permissive-2.0", "record_id": "320461831334975", "update_time": "2026-04-06T00:00:00.000Z", "confidence": 0.6467905044555664, "between": null }, { "property": "/properties/confidence", "dataset": "Overture", "license": "CDLA-Permissive-2.0", "record_id": null, "update_time": "2026-04-07T10:00:15Z", "confidence": null, "between": null } ] }, "geometry": { "type": "Point", "coordinates": [ -87.663004, 41.858071 ] } },
{ "type": "Feature", "properties": { "id": "ade4b895-8e9c-4f90-9de4-a8df8e862113", "version": 7, "names": { "primary": "Antena", "common": null, "rules": null }, "categories": { "primary": "art_gallery", "alternate": [ "arts_and_entertainment", "accommodation" ] }, "confidence": 0.77013814449310303, "websites": [ "http://www.antenapilsen.com/" ], "socials": [ "https://www.facebook.com/73991182001" ], "emails": [ "antenapilsen@gmail.com" ], "phones": [ "+17732573534" ], "brand": { "wikidata": null, "names": { "primary": null, "common": null, "rules": null } }, "addresses": [ { "freeform": "1755 S Laflin St", "locality": "Chicago", "postcode": "60608-2124", "region": "IL", "country": "US" } ], "sources": [ { "property": "", "dataset": "meta", "license": "CDLA-Permissive-2.0", "record_id": "73991182001", "update_time": "2026-04-06T00:00:00.000Z", "confidence": 0.770138144493103, "between": null }, { "property": "/properties/confidence", "dataset": "Overture", "license": "CDLA-Permissive-2.0", "record_id": null, "update_time": "2026-04-07T10:00:15Z", "confidence": null, "between": null } ] }, "geometry": { "type": "Point", "coordinates": [ -87.66362081, 41.85799009 ] } },
{ "type": "Feature", "properties": { "id": "4bc82f93-151d-41ae-8f3c-54f1d2e92294", "version": 8, "names": { "primary": "La Luz Gallery", "common": null, "rules": null }, "categories": { "primary": "art_gallery", "alternate": [ "arts_and_entertainment" ] }, "confidence": 0.96055823564529419, "websites": [ "http://laluzgallery.net/" ], "socials": [ "https://www.facebook.com/1033339133396187" ], "emails": [ "alrom9@yahoo.com" ], "phones": [ "+13124016344" ], "brand": { "wikidata": null, "names": { "primary": null, "common": null, "rules": null } }, "addresses": [ { "freeform": "1545 W 18th St", "locality": "Chicago", "postcode": "60608-2803", "region": "IL", "country": "US" } ], "sources": [ { "property": "", "dataset": "meta", "license": "CDLA-Permissive-2.0", "record_id": "1033339133396187", "update_time": "2026-04-06T00:00:00.000Z", "confidence": 0.7116048336029053, "between": null }, { "property": "/properties/confidence", "dataset": "Overture", "license": "CDLA-Permissive-2.0", "record_id": null, "update_time": "2026-04-07T10:00:15Z", "confidence": null, "between": null } ] }, "geometry": { "type": "Point", "coordinates": [ -87.66556091, 41.85765995 ] } },
{ "type": "Feature", "properties": { "id": "32e9ada6-3436-4517-a826-5495285223eb", "version": 7, "names": { "primary": "Carlos and Dominguez Fine Arts Gallery", "common": null, "rules": null }, "categories": { "primary": "art_gallery", "alternate": [ "arts_and_entertainment", "museum" ] }, "confidence": 0.94694489240646362, "websites": [ "http://carlosanddominguez.weebly.com/" ], "socials": [ "https://www.facebook.com/147463935292426" ], "emails": [ "feriadelaluna@yahoo.com" ], "phones": [ "+17735808053" ], "brand": { "wikidata": null, "names": { "primary": null, "common": null, "rules": null } }, "addresses": [ { "freeform": "1538 W Cullerton St", "locality": "Chicago", "postcode": "60608-3396", "region": "IL", "country": "US" } ], "sources": [ { "property": "", "dataset": "meta", "license": "CDLA-Permissive-2.0", "record_id": "147463935292426", "update_time": "2026-04-06T00:00:00.000Z", "confidence": 0.6212462186813354, "between": null }, { "property": "/properties/confidence", "dataset": "Overture", "license": "CDLA-Permissive-2.0", "record_id": null, "update_time": "2026-04-07T10:00:15Z", "confidence": null, "between": null } ] }, "geometry": { "type": "Point", "coordinates": [ -87.6652343, 41.85518775 ] } },
{ "type": "Feature", "properties": { "id": "1990d96c-df99-403e-9d6d-67e11faaca7c", "version": 3, "names": { "primary": "Carlos and Dominguez Fine Arts Gallery", "common": null, "rules": null }, "categories": { "primary": "art_gallery", "alternate": null }, "confidence": 0.77, "websites": [ "http://carlosanddominguez.weebly.com" ], "socials": null, "emails": null, "phones": [ "(773) 580-8053" ], "brand": null, "addresses": [ { "freeform": "1538 W Cullerton St", "locality": "Chicago", "postcode": "60608", "region": "IL", "country": "US" } ], "sources": [ { "property": "", "dataset": "Foursquare", "license": "Apache-2.0", "record_id": "4f69116fe4b09de7923969d7", "update_time": "2025-08-22T00:00:00.000", "confidence": 0.77, "between": null }, { "property": "/properties/confidence", "dataset": "Overture", "license": "CDLA-Permissive-2.0", "record_id": null, "update_time": "2026-04-07T10:00:15Z", "confidence": null, "between": null } ] }, "geometry": { "type": "Point", "coordinates": [ -87.665469862055048, 41.855173625563665 ] } },
{ "type": "Feature", "properties": { "id": "e561dfbb-3e5f-4afd-a2f2-d7ca3981346b", "version": 7, "names": { "primary": "Citlalin Art Gallery Theater", "common": null, "rules": null }, "categories": { "primary": "art_gallery", "alternate": [ "adult_entertainment", "arts_and_crafts" ] }, "confidence": 0.94694489240646362, "websites": [ "http://www.citlalingallerytheater.com/" ], "socials": [ "https://www.facebook.com/100968183575457" ], "emails": [ "meztlicinema@yahoo.com" ], "phones": [ "+13124801096" ], "brand": { "wikidata": null, "names": { "primary": null, "common": null, "rules": null } }, "addresses": [ { "freeform": "2005 S Blue Island Ave", "locality": "Chicago", "postcode": "60608-2915", "region": "IL", "country": "US" } ], "sources": [ { "property": "", "dataset": "meta", "license": "CDLA-Permissive-2.0", "record_id": "100968183575457", "update_time": "2026-04-06T00:00:00.000Z", "confidence": 0.9881787896156311, "between": null }, { "property": "/properties/confidence", "dataset": "Overture", "license": "CDLA-Permissive-2.0", "record_id": null, "update_time": "2026-04-07T10:00:15Z", "confidence": null, "between": null } ] }, "geometry": { "type": "Point", "coordinates": [ -87.66344934, 41.85497243 ] } },
{ "type": "Feature", "properties": { "id": "cca41f5c-8c72-4fd7-86be-cdb74cd97056", "version": 5, "names": { "primary": "Xicago Gallery", "common": null, "rules": null }, "categories": { "primary": "art_gallery", "alternate": [ "active_life", "sports_club_and_league" ] }, "confidence": 0.41599249839782715, "websites": null, "socials": [ "https://www.facebook.com/261511003893354" ], "emails": null, "phones": null, "brand": { "wikidata": null, "names": { "primary": null, "common": null, "rules": null } }, "addresses": [ { "freeform": "2005 S Blue Island Ave", "locality": "Chicago", "postcode": "60608-2915", "region": "IL", "country": "US" } ], "sources": [ { "property": "", "dataset": "meta", "license": "CDLA-Permissive-2.0", "record_id": "261511003893354", "update_time": "2026-04-06T00:00:00.000Z", "confidence": 0.41599249839782715, "between": null }, { "property": "/properties/confidence", "dataset": "Overture", "license": "CDLA-Permissive-2.0", "record_id": null, "update_time": "2026-04-07T10:00:15Z", "confidence": null, "between": null } ] }, "geometry": { "type": "Point", "coordinates": [ -87.663352, 41.854951 ] } },
{ "type": "Feature", "properties": { "id": "c5b21cfb-f579-4bbf-b84b-5398e946ef82", "version": 8, "names": { "primary": "Vault Gallerie", "common": null, "rules": null }, "categories": { "primary": "art_gallery", "alternate": [ "arts_and_entertainment" ] }, "confidence": 0.94694489240646362, "websites": [ "http://www.vaultgallerie.com/" ], "socials": [ "https://www.facebook.com/384187255372310" ], "emails": [ "delilahmartinez@vaultgallerie.com" ], "phones": [ "+13126198959" ], "brand": { "wikidata": null, "names": { "primary": null, "common": null, "rules": null } }, "addresses": [ { "freeform": "2015 S Laflin St", "locality": "Chicago", "postcode": "60608", "region": "IL", "country": "US" } ], "sources": [ { "property": "", "dataset": "meta", "license": "CDLA-Permissive-2.0", "record_id": "384187255372310", "update_time": "2026-04-06T00:00:00.000Z", "confidence": 0.9826081991195679, "between": null }, { "property": "/properties/confidence", "dataset": "Overture", "license": "CDLA-Permissive-2.0", "record_id": null, "update_time": "2026-04-07T10:00:15Z", "confidence": null, "between": null } ] }, "geometry": { "type": "Point", "coordinates": [ -87.66352109, 41.85455228 ] } },
{ "type": "Feature", "properties": { "id": "fd7e9a7b-0222-479c-b9ef-2b3bca52df19", "version": 7, "names": { "primary": "VIP Paints", "common": null, "rules": null }, "categories": { "primary": "art_gallery", "alternate": [ "art_school" ] }, "confidence": 0.91548317670822144, "websites": [ "http://www.Vippaints.com/" ], "socials": [ "https://www.facebook.com/222440094572515" ], "emails": [ "chicago@vippaints.com" ], "phones": [ "+17739809766" ], "brand": { "wikidata": null, "names": { "primary": null, "common": null, "rules": null } }, "addresses": [ { "freeform": "2015 S Laflin St", "locality": "Chicago", "postcode": "60608", "region": "IL", "country": "US" } ], "sources": [ { "property": "", "dataset": "meta", "license": "CDLA-Permissive-2.0", "record_id": "222440094572515", "update_time": "2026-04-06T00:00:00.000Z", "confidence": 0.963706910610199, "between": null }, { "property": "/properties/confidence", "dataset": "Overture", "license": "CDLA-Permissive-2.0", "record_id": null, "update_time": "2026-04-07T10:00:15Z", "confidence": null, "between": null } ] }, "geometry": { "type": "Point", "coordinates": [ -87.66352009, 41.85455869 ] } },
{ "type": "Feature", "properties": { "id": "14a20594-3f94-4fa3-abad-31370d521a21", "version": 7, "names": { "primary": "NYCH Gallery", "common": null, "rules": null }, "categories": { "primary": "art_gallery", "alternate": [ "contemporary_art_museum", "arts_and_entertainment" ] }, "confidence": 0.94694489240646362, "websites": [ "http://www.nychgallery.com/" ], "socials": [ "https://www.facebook.com/310905575628698" ], "emails": [ "info@nychgallery.com" ], "phones": [ "+15852084593" ], "brand": { "wikidata": null, "names": { "primary": null, "common": null, "rules": null } }, "addresses": [ { "freeform": "2025 S Laflin St", "locality": "Chicago", "postcode": "60608", "region": "IL", "country": "US" } ], "sources": [ { "property": "", "dataset": "meta", "license": "CDLA-Permissive-2.0", "record_id": "310905575628698", "update_time": "2026-04-06T00:00:00.000Z", "confidence": 0.9882192611694336, "between": null }, { "property": "/properties/confidence", "dataset": "Overture", "license": "CDLA-Permissive-2.0", "record_id": null, "update_time": "2026-04-07T10:00:15Z", "confidence": null, "between": null } ] }, "geometry": { "type": "Point", "coordinates": [ -87.66359899, 41.85432229 ] } },
{ "type": "Feature", "properties": { "id": "617b4aaa-ca49-497d-98c4-a522e963bb9c", "version": 6, "names": { "primary": "The Museum of Post Punk and Industrial Music", "common": null, "rules": null }, "categories": { "primary": "museum", "alternate": null }, "confidence": 0.17063693702220917, "websites": null, "socials": [ "https://www.facebook.com/106919454997638" ], "emails": null, "phones": null, "brand": { "wikidata": null, "names": { "primary": null, "common": null, "rules": null } }, "addresses": [ { "freeform": null, "locality": "Chicago", "postcode": null, "region": "IL", "country": "US" } ], "sources": [ { "property": "", "dataset": "meta", "license": "CDLA-Permissive-2.0", "record_id": "106919454997638", "update_time": "2026-04-06T00:00:00.000Z", "confidence": 0.17063693702220917, "between": null }, { "property": "/properties/confidence", "dataset": "Overture", "license": "CDLA-Permissive-2.0", "record_id": null, "update_time": "2026-04-07T10:00:15Z", "confidence": null, "between": null } ] }, "geometry": { "type": "Point", "coordinates": [ -87.671148374944394, 41.852156193560631 ] } },
{ "type": "Feature", "properties": { "id": "e10d7e7d-d613-4a99-b0de-6a8358653d3f", "version": 6, "names": { "primary": "Gallery19", "common": null, "rules": null }, "categories": { "primary": "art_gallery", "alternate": [ "community_services_non_profits", "arts_and_entertainment" ] }, "confidence": 0.90480136871337891, "websites": [ "http://www.gallery19chicago.com/" ], "socials": [ "https://www.facebook.com/162285333922058" ], "emails": [ "treyes@gallery19chicago.com" ], "phones": [ "+17734208071" ], "brand": { "wikidata": null, "names": { "primary": null, "common": null, "rules": null } }, "addresses": [ { "freeform": "1637 W 18th St", "locality": "Chicago", "postcode": "60608-5438", "region": "IL", "country": "US" } ], "sources": [ { "property": "", "dataset": "meta", "license": "CDLA-Permissive-2.0", "record_id": "162285333922058", "update_time": "2026-04-06T00:00:00.000Z", "confidence": 0.9048013687133789, "between": null }, { "property": "/properties/confidence", "dataset": "Overture", "license": "CDLA-Permissive-2.0", "record_id": null, "update_time": "2026-04-07T10:00:15Z", "confidence": null, "between": null } ] }, "geometry": { "type": "Point", "coordinates": [ -87.66763731, 41.8576857 ] } },
{ "type": "Feature", "properties": { "id": "d4859ad1-fc06-497c-86ed-7ed40a8f0455", "version": 9, "names": { "primary": "Slow Pony Project", "common": null, "rules": null }, "categories": { "primary": "art_gallery", "alternate": [ "arts_and_entertainment", "topic_concert_venue" ] }, "confidence": 0.36369127035140991, "websites": null, "socials": [ "https://www.facebook.com/1626105850967547" ], "emails": null, "phones": [ "+18155752023" ], "brand": { "wikidata": null, "names": { "primary": null, "common": null, "rules": null } }, "addresses": [ { "freeform": "1745 W 18th St", "locality": "Chicago", "postcode": "60608-1930", "region": "IL", "country": "US" } ], "sources": [ { "property": "", "dataset": "meta", "license": "CDLA-Permissive-2.0", "record_id": "1626105850967547", "update_time": "2026-04-06T00:00:00.000Z", "confidence": 0.3636912703514099, "between": null }, { "property": "/properties/confidence", "dataset": "Overture", "license": "CDLA-Permissive-2.0", "record_id": null, "update_time": "2026-04-07T10:00:15Z", "confidence": null, "between": null } ] }, "geometry": { "type": "Point", "coordinates": [ -87.6703796, 41.85746 ] } },
{ "type": "Feature", "properties": { "id": "b8421193-66fc-4447-b42e-1e25054db694", "version": 2, "names": { "primary": "Art-o-Parts Pilsen", "common": null, "rules": null }, "categories": { "primary": "art_gallery", "alternate": [ "arts_and_entertainment", "tattoo_and_piercing" ] }, "confidence": 0.55218982696533203, "websites": null, "socials": [ "https://www.facebook.com/1521319761501222" ], "emails": null, "phones": [ "+13124483937" ], "brand": { "wikidata": null, "names": { "primary": null, "common": null, "rules": null } }, "addresses": [ { "freeform": "1721 W 18th St", "locality": "Chicago", "postcode": "60608-1913", "region": "IL", "country": "US" } ], "sources": [ { "property": "", "dataset": "meta", "license": "CDLA-Permissive-2.0", "record_id": "1521319761501222", "update_time": "2026-04-06T00:00:00.000Z", "confidence": 0.552189826965332, "between": null }, { "property": "/properties/confidence", "dataset": "Overture", "license": "CDLA-Permissive-2.0", "record_id": null, "update_time": "2026-04-07T10:00:15Z", "confidence": null, "between": null } ] }, "geometry": { "type": "Point", "coordinates": [ -87.6695, 41.85747 ] } },
{ "type": "Feature", "properties": { "id": "b49a61f7-1b7e-48c3-aae5-69991c0548f4", "version": 8, "names": { "primary": "Harrison Park", "common": null, "rules": null }, "categories": { "primary": "park", "alternate": null }, "confidence": 0.94694489240646362, "websites": [ "http://chicagoparkdistrict.com" ], "socials": null, "emails": [ "play@chicagoparkdistrict.com" ], "phones": [ "(312) 746-5491" ], "brand": null, "addresses": [ { "freeform": "1824 S Wood St", "locality": "Chicago", "postcode": "60608", "region": "IL", "country": "US" } ], "sources": [ { "property": "", "dataset": "Foursquare", "license": "Apache-2.0", "record_id": "4b9703adf964a5207bf334e3", "update_time": "2026-03-17T00:00:00.000", "confidence": 0.77, "between": null }, { "property": "/properties/confidence", "dataset": "Overture", "license": "CDLA-Permissive-2.0", "record_id": null, "update_time": "2026-04-07T10:00:15Z", "confidence": null, "between": null } ] }, "geometry": { "type": "Point", "coordinates": [ -87.672269373372259, 41.856755487933562 ] } },
{ "type": "Feature", "properties": { "id": "ca68d6e4-dd82-4230-b35c-47035f12ea20", "version": 8, "names": { "primary": "National Museum of Mexican Art", "common": null, "rules": null }, "categories": { "primary": "art_museum", "alternate": [ "museum", "modern_art_museum" ] }, "confidence": 0.92825138568878174, "websites": [ "http://www.nationalmuseumofmexicanart.org/" ], "socials": [ "https://www.facebook.com/60979969599" ], "emails": [ "info@nationalmuseumofmexicanart.org" ], "phones": [ "+13127381503" ], "brand": { "wikidata": null, "names": { "primary": null, "common": null, "rules": null } }, "addresses": [ { "freeform": "1852 W 19th St", "locality": "Chicago", "postcode": "60608-2706", "region": "IL", "country": "US" } ], "sources": [ { "property": "", "dataset": "meta", "license": "CDLA-Permissive-2.0", "record_id": "60979969599", "update_time": "2026-04-06T00:00:00.000Z", "confidence": 0.992195725440979, "between": null }, { "property": "/properties/confidence", "dataset": "Overture", "license": "CDLA-Permissive-2.0", "record_id": null, "update_time": "2026-04-07T10:00:15Z", "confidence": null, "between": null } ] }, "geometry": { "type": "Point", "coordinates": [ -87.6728046, 41.85597233 ] } },
{ "type": "Feature", "properties": { "id": "df3a6e77-c006-4195-9f54-9543834414c0", "version": 4, "names": { "primary": "museo de arte mexicano en Chicago", "common": null, "rules": null }, "categories": { "primary": "art_museum", "alternate": null }, "confidence": 0.77, "websites": [ "http://nationalmuseumofmexicanart.org" ], "socials": null, "emails": null, "phones": null, "brand": null, "addresses": [ { "freeform": "1852 W 19th St", "locality": "Chicago", "postcode": "60608", "region": "IL", "country": "US" } ], "sources": [ { "property": "", "dataset": "Foursquare", "license": "Apache-2.0", "record_id": "abc03a9e8c5e6f0cf036d03c", "update_time": "2025-08-19T00:00:00.000", "confidence": 0.77, "between": null }, { "property": "/properties/confidence", "dataset": "Overture", "license": "CDLA-Permissive-2.0", "record_id": null, "update_time": "2026-04-07T10:00:15Z", "confidence": null, "between": null } ] }, "geometry": { "type": "Point", "coordinates": [ -87.673018824466027, 41.856138875512642 ] } },
{ "type": "Feature", "properties": { "id": "aaef7b1d-63a2-4ec3-87d1-ae0408760a94", "version": 1, "names": { "primary": "Hector Duarte Murals", "common": null, "rules": null }, "categories": { "primary": "art_gallery", "alternate": null }, "confidence": 0.77, "websites": [ "http://www.hectorduarte.com/Artist.asp?ArtistID=22741&Akey=MNDGM7X3" ], "socials": null, "emails": null, "phones": [ "(312) 633-9245" ], "brand": null, "addresses": [ { "freeform": "1900 W Cullerton St", "locality": "Chicago", "postcode": "60608", "region": "IL", "country": "US" } ], "sources": [ { "property": "", "dataset": "Foursquare", "license": "Apache-2.0", "record_id": "d5fc8f090749480672ede4d2", "update_time": "2026-02-17T00:00:00.000", "confidence": 0.77, "between": null }, { "property": "/properties/confidence", "dataset": "Overture", "license": "CDLA-Permissive-2.0", "record_id": null, "update_time": "2026-04-07T10:00:15Z", "confidence": null, "between": null } ] }, "geometry": { "type": "Point", "coordinates": [ -87.673911838718624, 41.855169791917739 ] } },
{ "type": "Feature", "properties": { "id": "90a98f55-6b94-4f52-9164-6ee74b6e13f7", "version": 5, "names": { "primary": "Cobalt Studio", "common": null, "rules": null }, "categories": { "primary": "art_gallery", "alternate": [ "arts_and_entertainment", "topic_concert_venue" ] }, "confidence": 0.67950439453125, "websites": [ "http://cobaltartstudio.blogspot.com/" ], "socials": [ "https://www.facebook.com/158518044183552" ], "emails": null, "phones": [ "+17736441163" ], "brand": { "wikidata": null, "names": { "primary": null, "common": null, "rules": null } }, "addresses": [ { "freeform": "1950 W 21st St", "locality": "Chicago", "postcode": "60608-2626", "region": "IL", "country": "US" } ], "sources": [ { "property": "", "dataset": "meta", "license": "CDLA-Permissive-2.0", "record_id": "158518044183552", "update_time": "2026-04-06T00:00:00.000Z", "confidence": 0.67950439453125, "between": null }, { "property": "/properties/confidence", "dataset": "Overture", "license": "CDLA-Permissive-2.0", "record_id": null, "update_time": "2026-04-07T10:00:15Z", "confidence": null, "between": null } ] }, "geometry": { "type": "Point", "coordinates": [ -87.675479, 41.854324 ] } },
{ "type": "Feature", "properties": { "id": "92a16c86-1d30-4c47-be61-a27c6a54811f", "version": 5, "names": { "primary": "Pilsen Outpost", "common": null, "rules": null }, "categories": { "primary": "art_gallery", "alternate": [ "bar" ] }, "confidence": 0.45611420273780823, "websites": [ "http://www.pilsenoutpost.com" ], "socials": [ "https://www.facebook.com/644228899375617" ], "emails": null, "phones": [ "+17734922412" ], "brand": { "wikidata": null, "names": { "primary": null, "common": null, "rules": null } }, "addresses": [ { "freeform": "1958 W 21st St", "locality": "Chicago", "postcode": "60608-2617", "region": "IL", "country": "US" } ], "sources": [ { "property": "", "dataset": "meta", "license": "CDLA-Permissive-2.0", "record_id": "644228899375617", "update_time": "2026-04-06T00:00:00.000Z", "confidence": 0.4561142027378082, "between": null }, { "property": "/properties/confidence", "dataset": "Overture", "license": "CDLA-Permissive-2.0", "record_id": null, "update_time": "2026-04-07T10:00:15Z", "confidence": null, "between": null } ] }, "geometry": { "type": "Point", "coordinates": [ -87.675712, 41.854345 ] } },
{ "type": "Feature", "properties": { "id": "9dda129c-1aef-46c5-99ee-fc4c31991399", "version": 6, "names": { "primary": "Three Seeds Gallery", "common": null, "rules": null }, "categories": { "primary": "art_gallery", "alternate": [ "arts_and_entertainment" ] }, "confidence": 0.94694489240646362, "websites": null, "socials": [ "https://www.facebook.com/288918445273391" ], "emails": null, "phones": [ "+13312346308" ], "brand": { "wikidata": null, "names": { "primary": null, "common": null, "rules": null } }, "addresses": [ { "freeform": "2130 W 21st St", "locality": "Chicago", "postcode": "60608-2608", "region": "IL", "country": "US" } ], "sources": [ { "property": "", "dataset": "meta", "license": "CDLA-Permissive-2.0", "record_id": "288918445273391", "update_time": "2026-04-06T00:00:00.000Z", "confidence": 0.4320741891860962, "between": null }, { "property": "/properties/confidence", "dataset": "Overture", "license": "CDLA-Permissive-2.0", "record_id": null, "update_time": "2026-04-07T10:00:15Z", "confidence": null, "between": null } ] }, "geometry": { "type": "Point", "coordinates": [ -87.67969249, 41.854038 ] } },
{ "type": "Feature", "properties": { "id": "acbaa263-dae5-4e18-a702-e447832c0500", "version": 7, "names": { "primary": "Parlour and Ramp", "common": null, "rules": null }, "categories": { "primary": "art_gallery", "alternate": [ "event_planning" ] }, "confidence": 0.94694489240646362, "websites": [ "http://parlourandramp.com/" ], "socials": [ "https://www.facebook.com/111058876995520" ], "emails": [ "parlourandramp@gmail.com" ], "phones": null, "brand": { "wikidata": null, "names": { "primary": null, "common": null, "rules": null } }, "addresses": [ { "freeform": "2130 W 21st St", "locality": "Chicago", "postcode": "60608-2608", "region": "IL", "country": "US" } ], "sources": [ { "property": "", "dataset": "meta", "license": "CDLA-Permissive-2.0", "record_id": "111058876995520", "update_time": "2026-04-06T00:00:00.000Z", "confidence": 0.9823983311653137, "between": null }, { "property": "/properties/confidence", "dataset": "Overture", "license": "CDLA-Permissive-2.0", "record_id": null, "update_time": "2026-04-07T10:00:15Z", "confidence": null, "between": null } ] }, "geometry": { "type": "Point", "coordinates": [ -87.67971179, 41.8540337 ] } },
{ "type": "Feature", "properties": { "id": "fec0c0b7-929a-4ad7-9965-896d2c73f20c", "version": 3, "names": { "primary": "Barrett (John) Park", "common": null, "rules": null }, "categories": { "primary": "park", "alternate": null }, "confidence": 0.77, "websites": [ "http://chicagoparkdistrict.com" ], "socials": [ "https://www.twitter.com/chicagoparks" ], "emails": null, "phones": [ "(312) 746-5491" ], "brand": null, "addresses": [ { "freeform": "2022 W Cermak Rd", "locality": "Chicago", "postcode": "60608", "region": "IL", "country": "US" } ], "sources": [ { "property": "", "dataset": "Foursquare", "license": "Apache-2.0", "record_id": "4f6b838a7bebf48a25686c16", "update_time": "2025-03-10T00:00:00.000", "confidence": 0.77, "between": null }, { "property": "/properties/confidence", "dataset": "Overture", "license": "CDLA-Permissive-2.0", "record_id": null, "update_time": "2026-04-07T10:00:15Z", "confidence": null, "between": null } ] }, "geometry": { "type": "Point", "coordinates": [ -87.676368301865878, 41.852407117141304 ] } },
{ "type": "Feature", "properties": { "id": "b7d06e33-f3be-4e56-8949-a9775415fc39", "version": 1, "names": { "primary": "Triumph Gallery", "common": null, "rules": null }, "categories": { "primary": "art_gallery", "alternate": [ "american_restaurant" ] }, "confidence": 0.41458243131637573, "websites": [ "https://www.triumphchicago.com/" ], "socials": [ "https://www.facebook.com/435630823550020" ], "emails": null, "phones": null, "brand": { "wikidata": null, "names": { "primary": null, "common": null, "rules": null } }, "addresses": [ { "freeform": "2055 W Cermak Rd", "locality": "Chicago", "postcode": "60608-4115", "region": "IL", "country": "US" } ], "sources": [ { "property": "", "dataset": "meta", "license": "CDLA-Permissive-2.0", "record_id": "435630823550020", "update_time": "2026-04-06T00:00:00.000Z", "confidence": 0.41458243131637573, "between": null }, { "property": "/properties/confidence", "dataset": "Overture", "license": "CDLA-Permissive-2.0", "record_id": null, "update_time": "2026-04-07T10:00:15Z", "confidence": null, "between": null } ] }, "geometry": { "type": "Point", "coordinates": [ -87.67792, 41.85189 ] } },
{ "type": "Feature", "properties": { "id": "4dd686f7-8d4b-4bef-984d-ad406f425113", "version": 1, "names": { "primary": "Marquette Monument", "common": null, "rules": null }, "categories": { "primary": "monument", "alternate": [ "landmark_and_historical_building", "fountain" ] }, "confidence": 0.2293345183134079, "websites": null, "socials": [ "https://www.facebook.com/105536485309134" ], "emails": null, "phones": null, "brand": { "wikidata": null, "names": { "primary": null, "common": null, "rules": null } }, "addresses": [ { "freeform": "2627 S Damen Ave", "locality": "Chicago", "postcode": "60608", "region": "IL", "country": "US" } ], "sources": [ { "property": "", "dataset": "meta", "license": "CDLA-Permissive-2.0", "record_id": "105536485309134", "update_time": "2026-04-06T00:00:00.000Z", "confidence": 0.2293345183134079, "between": null }, { "property": "/properties/confidence", "dataset": "Overture", "license": "CDLA-Permissive-2.0", "record_id": null, "update_time": "2026-04-07T10:00:15Z", "confidence": null, "between": null } ] }, "geometry": { "type": "Point", "coordinates": [ -87.67557726, 41.84399283 ] } },
{ "type": "Feature", "properties": { "id": "164a11fc-4441-44ba-bed6-cff9dc748f39", "version": 7, "names": { "primary": "Canalport Riverwalk Park", "common": null, "rules": null }, "categories": { "primary": "park", "alternate": null }, "confidence": 0.96746325492858887, "websites": [ "http://chicagoparkdistrict.com" ], "socials": [ "https://www.facebook.com/251425784880375" ], "emails": null, "phones": [ "+13127476026" ], "brand": { "wikidata": null, "names": { "primary": null, "common": null, "rules": null } }, "addresses": [ { "freeform": "2700 S Ashland Ave", "locality": "Chicago", "postcode": "60608", "region": "IL", "country": "US" } ], "sources": [ { "property": "", "dataset": "meta", "license": "CDLA-Permissive-2.0", "record_id": "251425784880375", "update_time": "2026-04-06T00:00:00.000Z", "confidence": 0.9277346134185791, "between": null }, { "property": "/properties/confidence", "dataset": "Overture", "license": "CDLA-Permissive-2.0", "record_id": null, "update_time": "2026-04-07T10:00:15Z", "confidence": null, "between": null } ] }, "geometry": { "type": "Point", "coordinates": [ -87.66665385, 41.8444785 ] } },
{ "type": "Feature", "properties": { "id": "1082667e-98b0-405b-8153-2ea526b01ef5", "version": 3, "names": { "primary": "Canal Port River Park (Park No. 516)", "common": null, "rules": null }, "categories": { "primary": "park", "alternate": null }, "confidence": 0.77, "websites": [ "http://chicagoparkdistrict.com" ], "socials": null, "emails": null, "phones": [ "(312) 747-6026" ], "brand": null, "addresses": [ { "freeform": "2900 S Ashland Ave", "locality": "Chicago", "postcode": "60608", "region": "IL", "country": "US" } ], "sources": [ { "property": "", "dataset": "Foursquare", "license": "Apache-2.0", "record_id": "4f6b838e7bebf48a25686dec", "update_time": "2026-01-10T00:00:00.000", "confidence": 0.77, "between": null }, { "property": "/properties/confidence", "dataset": "Overture", "license": "CDLA-Permissive-2.0", "record_id": null, "update_time": "2026-04-07T10:00:15Z", "confidence": null, "between": null } ] }, "geometry": { "type": "Point", "coordinates": [ -87.666447607340871, 41.845513778532592 ] } },
{ "type": "Feature", "properties": { "id": "f4a46bbe-2ed3-42e5-a5c1-c205a31d2c73", "version": 3, "names": { "primary": "Canal Origins Park", "common": null, "rules": null }, "categories": { "primary": "park", "alternate": null }, "confidence": 0.77, "websites": [ "http://chicagoparkdistrict.com" ], "socials": null, "emails": null, "phones": [ "(312) 747-6026" ], "brand": null, "addresses": [ { "freeform": "2701 S Ashland Ave", "locality": "Chicago", "postcode": "60608", "region": "IL", "country": "US" } ], "sources": [ { "property": "", "dataset": "Foursquare", "license": "Apache-2.0", "record_id": "4c87e379b446224ba7237e6f", "update_time": "2025-11-05T00:00:00.000", "confidence": 0.77, "between": null }, { "property": "/properties/confidence", "dataset": "Overture", "license": "CDLA-Permissive-2.0", "record_id": null, "update_time": "2026-04-07T10:00:15Z", "confidence": null, "between": null } ] }, "geometry": { "type": "Point", "coordinates": [ -87.665615708698596, 41.842514391064107 ] } },
{ "type": "Feature", "properties": { "id": "df88cd1e-f591-4092-9498-dc9475d29888", "version": 1, "names": { "primary": "South Fork South Branch Chicago River", "common": null, "rules": null }, "categories": { "primary": "river", "alternate": [ "active_life", "park" ] }, "confidence": 0.71189582347869873, "websites": [ "https://wiki.epa.gov/watershed2/index.php/South_Branch-Chicago_River" ], "socials": [ "https://www.facebook.com/150429508306468" ], "emails": null, "phones": null, "brand": { "wikidata": null, "names": { "primary": null, "common": null, "rules": null } }, "addresses": [ { "freeform": null, "locality": "Chicago", "postcode": null, "region": "IL", "country": "US" } ], "sources": [ { "property": "", "dataset": "meta", "license": "CDLA-Permissive-2.0", "record_id": "150429508306468", "update_time": "2026-04-06T00:00:00.000Z", "confidence": 0.7118958234786987, "between": null }, { "property": "/properties/confidence", "dataset": "Overture", "license": "CDLA-Permissive-2.0", "record_id": null, "update_time": "2026-04-07T10:00:15Z", "confidence": null, "between": null } ] }, "geometry": { "type": "Point", "coordinates": [ -87.665233867604442, 41.842573063965638 ] } },
{ "type": "Feature", "properties": { "id": "30adc2f4-715a-4e93-9562-55b8f05c9347", "version": 8, "names": { "primary": "Canal Origins Park", "common": null, "rules": null }, "categories": { "primary": "park", "alternate": [ "attractions_and_activities" ] }, "confidence": 0.94694489240646362, "websites": [ "http://www.chicagoparkdistrict.com" ], "socials": [ "https://www.facebook.com/241046836019858" ], "emails": null, "phones": [ "+17738239135" ], "brand": { "wikidata": null, "names": { "primary": null, "common": null, "rules": null } }, "addresses": [ { "freeform": "2701 S Ashland Ave", "locality": "Chicago", "postcode": "60608", "region": "IL", "country": "US" } ], "sources": [ { "property": "", "dataset": "meta", "license": "CDLA-Permissive-2.0", "record_id": "241046836019858", "update_time": "2026-04-06T00:00:00.000Z", "confidence": 0.9914020895957947, "between": null }, { "property": "/properties/confidence", "dataset": "Overture", "license": "CDLA-Permissive-2.0", "record_id": null, "update_time": "2026-04-07T10:00:15Z", "confidence": null, "between": null } ] }, "geometry": { "type": "Point", "coordinates": [ -87.66528102, 41.84247651 ] } },
{ "type": "Feature", "properties": { "id": "c429674e-959d-4121-a9c5-46fde4c40176", "version": 8, "names": { "primary": "Soaringbird Studios", "common": null, "rules": null }, "categories": { "primary": "art_gallery", "alternate": [ "topic_concert_venue", "arts_and_entertainment" ] }, "confidence": 0.3328874409198761, "websites": [ "http://soaringbirdstudios.com/" ], "socials": [ "https://www.facebook.com/123038921102254" ], "emails": [ "soaringbird@me.com" ], "phones": [ "+13128138029" ], "brand": { "wikidata": null, "names": { "primary": null, "common": null, "rules": null } }, "addresses": [ { "freeform": "3435 S Wood St", "locality": "Chicago", "postcode": "60608-6821", "region": "IL", "country": "US" } ], "sources": [ { "property": "", "dataset": "meta", "license": "CDLA-Permissive-2.0", "record_id": "123038921102254", "update_time": "2026-04-06T00:00:00.000Z", "confidence": 0.3328874409198761, "between": null }, { "property": "/properties/confidence", "dataset": "Overture", "license": "CDLA-Permissive-2.0", "record_id": null, "update_time": "2026-04-07T10:00:15Z", "confidence": null, "between": null } ] }, "geometry": { "type": "Point", "coordinates": [ -87.670212, 41.831238 ] } },
{ "type": "Feature", "properties": { "id": "c53a4210-1b78-4d53-88d9-a3e23ede839c", "version": 6, "names": { "primary": "Mckinley Park Neighborhood", "common": null, "rules": null }, "categories": { "primary": "park", "alternate": null }, "confidence": 0.80312526226043701, "websites": null, "socials": [ "https://www.facebook.com/1774768056109796" ], "emails": null, "phones": null, "brand": { "wikidata": null, "names": { "primary": null, "common": null, "rules": null } }, "addresses": [ { "freeform": null, "locality": "Chicago", "postcode": null, "region": "IL", "country": "US" } ], "sources": [ { "property": "", "dataset": "meta", "license": "CDLA-Permissive-2.0", "record_id": "1774768056109796", "update_time": "2026-04-06T00:00:00.000Z", "confidence": 0.803125262260437, "between": null }, { "property": "/properties/confidence", "dataset": "Overture", "license": "CDLA-Permissive-2.0", "record_id": null, "update_time": "2026-04-07T10:00:15Z", "confidence": null, "between": null } ] }, "geometry": { "type": "Point", "coordinates": [ -87.667201881359006, 41.824861584844001 ] } },
{ "type": "Feature", "properties": { "id": "26fea707-a7e7-4802-8fa1-ae296b7f97a2", "version": 7, "names": { "primary": "Flatland", "common": null, "rules": null }, "categories": { "primary": "art_gallery", "alternate": [ "topic_concert_venue" ] }, "confidence": 0.40962517261505127, "websites": null, "socials": [ "https://www.facebook.com/2172422156417785" ], "emails": [ "flatlandchicago@gmail.com" ], "phones": null, "brand": { "wikidata": null, "names": { "primary": null, "common": null, "rules": null } }, "addresses": [ { "freeform": "1965 W Pershing Pl", "locality": "Chicago", "postcode": "60609", "region": "IL", "country": "US" } ], "sources": [ { "property": "", "dataset": "meta", "license": "CDLA-Permissive-2.0", "record_id": "2172422156417785", "update_time": "2026-04-06T00:00:00.000Z", "confidence": 0.40962517261505127, "between": null }, { "property": "/properties/confidence", "dataset": "Overture", "license": "CDLA-Permissive-2.0", "record_id": null, "update_time": "2026-04-07T10:00:15Z", "confidence": null, "between": null } ] }, "geometry": { "type": "Point", "coordinates": [ -87.6746022, 41.8229951 ] } }
]
}
